Event,Site,Date,White,Black,Result,WhiteElo,BlackElo,ECO,Opening,Termination
Casual blitz game,https://lichess.org/AiMvgaba,2024.10.21,maia5,peterchero,0-1,1493,1351,C42,,Normal
Rated blitz game,https://lichess.org/nJEgjrDY,2024.10.15,Fabio_GCosta,peterchero,1-0,1492,1417,D06,,Normal
Casual rapid game,https://lichess.org/8Bx1dXUb,2024.02.23,emadnos7i,peterchero,1/2-1/2,1500,1504,B23,,Normal
Casual rapid game,https://lichess.org/b0h88mJm,2024.02.19,stormy_Knight1,peterchero,0-1,1483,1504,A00,,Time forfeit
Casual rapid game,https://lichess.org/WtCzdRxS,2024.02.19,Kir_first,peterchero,0-1,1500,1504,A45,,Normal
Casual blitz game,https://lichess.org/LzJrkSzG,2024.02.15,cambavision,peterchero,1-0,1702,1415,C44,,Time forfeit
Rated bullet game,https://lichess.org/4WaD2asN,2024.02.08,miflo1992,peterchero,1-0,1362,1406,C40,,Time forfeit
Rated blitz game,https://lichess.org/Yq90V3FL,2024.02.08,Teodora99,peterchero,1-0,1422,1421,A00,,Normal
Rated blitz game,https://lichess.org/aw0G86Y4,2024.02.07,bruxo171,peterchero,0-1,1507,1428,C25,,Normal
Rated blitz game,https://lichess.org/xE3ucwQH,2024.02.07,Wolfetajmbs,peterchero,1-0,1412,1435,D01,,Normal
Rated blitz game,https://lichess.org/x4p1rnzC,2024.02.07,DLJ0014,peterchero,0-1,1420,1423,A45,,Normal
Rated blitz game,https://lichess.org/pywPwUL7,2024.02.07,Chessplayer33212,peterchero,0-1,1381,1421,D00,,Normal
Rated blitz game,https://lichess.org/CDIOUtmG,2024.10.15,Takeda91,peterchero,1-0,1430,1415,C25,,Normal
Rated bullet game,https://lichess.org/wtpnnK2T,2024.02.07,sayansamrat,peterchero,0-1,1406,1406,B06,,Time forfeit
Rated bullet game,https://lichess.org/DjaciriL,2024.02.07,MarcoosMan,peterchero,1-0,1426,1405,C50,,Normal
Rated blitz game,https://lichess.org/XN1NRHGg,2024.02.07,Dacruca,peterchero,0-1,1405,1404,A00,,Normal
Casual bullet game,https://lichess.org/o2OLt8Gh,2024.02.07,manuelpepe,peterchero,1-0,1453,1405,D00,,Normal
Casual bullet game,https://lichess.org/UrLB7YW3,2024.02.07,MNXANL,peterchero,0-1,1372,1405,C00,,Normal
Casual rapid game,https://lichess.org/RytxDTCT,2024.02.06,migalych,peterchero,0-1,1573,1504,C60,,Time forfeit
Casual bullet game,https://lichess.org/UJAf5JdO,2024.02.06,Adirom,peterchero,0-1,1475,1405,C20,,Time forfeit
Casual bullet game,https://lichess.org/G6ZnubOp,2024.02.06,Karli28,peterchero,0-1,1407,1405,C40,,Time forfeit
Casual blitz game,https://lichess.org/7KC3PoFr,2024.02.06,treakyy1,peterchero,0-1,1452,1404,C44,,Time forfeit
Casual blitz game,https://lichess.org/EOtCkRjn,2024.02.06,treakyy1,peterchero,1-0,1452,1404,C45,,Normal
Casual rapid game,https://lichess.org/CIqNu0tn,2024.10.07,motaz24,peterchero,1-0,1485,1507,C61,,Normal
Rated bullet game,https://lichess.org/G6XyE46v,2024.02.06,juketay,peterchero,0-1,1411,1392,D00,,Time forfeit
Rated bullet game,https://lichess.org/tytPyvxG,2024.02.05,JiMiASjUnIoR,peterchero,1-0,1403,1392,C24,,Time forfeit
Rated bullet game,https://lichess.org/QWxYwrew,2024.02.05,MTRTCT,peterchero,1-0,1361,1391,D00,,Normal
Rated blitz game,https://lichess.org/VLyAEWx3,2024.02.05,Viktor_winner_one,peterchero,0-1,1317,1398,C24,,Normal
Rated blitz game,https://lichess.org/QOmMXO6r,2024.02.04,hsisj,peterchero,1/2-1/2,1397,1389,D00,,Time forfeit
Rated blitz game,https://lichess.org/qV6CeDd6,2024.02.04,AndriyDizak,peterchero,0-1,1366,1381,C46,,Normal
Rated blitz game,https://lichess.org/VJJ0roAp,2024.02.03,forthepeople,peterchero,0-1,1377,1372,C40,,Normal
Rated bullet game,https://lichess.org/RwbScC5k,2024.02.02,volkii,peterchero,0-1,1365,1374,C25,,Time forfeit
Rated bullet game,https://lichess.org/w4x9444W,2024.02.02,Empatiem,peterchero,1-0,1406,1379,C20,,Normal
Rated blitz game,https://lichess.org/WcsKj63Y,2024.02.02,cngzhn65,peterchero,0-1,1356,1352,C26,,Normal
Casual rapid game,https://lichess.org/TsnpGVsX,2024.10.06,Tio_Ettore,peterchero,0-1,1500,1507,C50,,Normal
Rated blitz game,https://lichess.org/rDCSADqg,2024.02.02,arbat35,peterchero,1-0,1314,1354,C41,,Normal
Rated blitz game,https://lichess.org/qRkSZs0u,2024.02.02,King_Niki,peterchero,0-1,1369,1362,C42,,Time forfeit
Rated blitz game,https://lichess.org/l3xOpQTm,2024.02.02,ahmaddarzi,peterchero,0-1,1346,1337,C20,,Time forfeit
Rated blitz game,https://lichess.org/lhxHtfF1,2024.02.02,rocko13,peterchero,0-1,1329,1325,C34,,Normal
Rated bullet game,https://lichess.org/9CicgWP0,2024.02.01,BobanPecic,peterchero,0-1,1361,1368,C24,,Time forfeit
Rated bullet game,https://lichess.org/a5SlEi15,2024.02.01,VL90,peterchero,1-0,1418,1373,C34,,Normal
Rated blitz game,https://lichess.org/0ZhUzSQj,2024.01.31,meganagibator_3000,peterchero,0-1,1407,1309,C42,,Normal
Rated bullet game,https://lichess.org/8D0eXgTu,2024.01.31,StephenHanley,peterchero,0-1,1345,1358,D02,,Time forfeit
Rated bullet game,https://lichess.org/kFDjvOX6,2024.01.31,mentepepe,peterchero,1-0,1367,1364,C42,,Normal
Rated bullet game,https://lichess.org/t8fwoLfP,2024.01.30,TakeTheDiag,peterchero,0-1,1341,1346,C45,,Time forfeit
Casual blitz game,https://lichess.org/Kf4FfYNV,2024.10.06,jaalzate,peterchero,1-0,1422,1415,C60,,Normal
Rated bullet game,https://lichess.org/QHooiVZA,2024.01.30,rosendito,peterchero,1-0,1289,1353,C42,,Time forfeit
Rated bullet game,https://lichess.org/1fA1miyn,2024.01.30,chessmastercrypto,peterchero,1-0,1351,1347,C42,,Normal
Rated bullet game,https://lichess.org/esKudbuJ,2024.01.30,dsthedragon,peterchero,0-1,1340,1341,C46,,Time forfeit
Rated bullet game,https://lichess.org/HG4sEVzx,2024.01.29,macedo_03,peterchero,0-1,1308,1342,D06,,Time forfeit
Rated bullet game,https://lichess.org/7vVXt10w,2024.01.29,patricio_salas_l,peterchero,1-0,1288,1343,C42,,Normal
Rated bullet game,https://lichess.org/Y42HxAbK,2024.01.29,Ekanth,peterchero,1-0,1391,1343,D77,,Normal
Rated bullet game,https://lichess.org/k5byKahW,2024.01.29,mani_pulation,peterchero,1-0,1350,1350,D00,,Time forfeit
Rated bullet game,https://lichess.org/gmFxXf1y,2024.01.28,Micaelavallejom,peterchero,0-1,1289,1330,C42,,Normal
Rated bullet game,https://lichess.org/3lR49rn5,2024.01.28,tagisadegian,peterchero,1-0,1250,1333,C24,,Normal
Rated bullet game,https://lichess.org/hysqnWwL,2024.01.28,OscarMcSADRANI,peterchero,1/2-1/2,1360,1332,D00,,Normal
Casual rapid game,https://lichess.org/n1y4oCGD,2024.10.06,Ezila,peterchero,0-1,1500,1507,C20,,Normal
Rated blitz game,https://lichess.org/rFoI12EK,2024.01.28,Sicilycartman,peterchero,0-1,1269,1298,D00,,Normal
Rated bullet game,https://lichess.org/dL8eTZae,2024.01.27,Thorstein47,peterchero,0-1,1326,1316,D00,,Time forfeit
Rated bullet game,https://lichess.org/xScB38Fe,2024.01.27,kinqcl,peterchero,0-1,1329,1308,C43,,Time forfeit
Rated bullet game,https://lichess.org/llosIasU,2024.01.26,Shorly,peterchero,0-1,1316,1308,C45,,Time forfeit
Rated bullet game,https://lichess.org/u2yAwEJ0,2024.01.25,Yolenzo,peterchero,0-1,1220,1301,D00,,Time forfeit
Rated blitz game,https://lichess.org/sX1apc48,2024.01.25,yardslav,peterchero,0-1,1294,1286,C20,,Normal
Rated blitz game,https://lichess.org/cR7TJqZH,2024.01.23,fodroczysz,peterchero,0-1,1274,1270,A00,,Normal
Rated blitz game,https://lichess.org/4RgUV6HB,2024.01.21,golfkilo,peterchero,0-1,1251,1240,C47,,Time forfeit
Rated blitz game,https://lichess.org/YLeQ5bHd,2024.01.21,DZONI97,peterchero,0-1,1138,1246,C20,,Normal
Rated blitz game,https://lichess.org/inXFmtvM,2024.01.21,Sanzhar_Saktagan2015,peterchero,1-0,1275,1275,C42,,Normal
Casual classical game,https://lichess.org/OhwfUKdv,2024.10.03,NikoDuJ,peterchero,1-0,1500,1500,D02,,Normal
Rated bullet game,https://lichess.org/wSs0iu0t,2024.01.20,Adityaaaaaaaa99,peterchero,0-1,1338,1292,D00,,Time forfeit
Rated bullet game,https://lichess.org/p4k1UdXP,2024.01.20,AddssFk,peterchero,0-1,1226,1274,C21,,Normal
Rated bullet game,https://lichess.org/3nKuQWFs,2024.01.20,Safru,peterchero,1-0,1257,1282,D00,,Time forfeit
Rated bullet game,https://lichess.org/VKEpRCDh,2024.01.20,BoredMater,peterchero,1-0,1285,1282,C42,,Normal
Rated bullet game,https://lichess.org/7rkRGcjM,2024.01.20,Salah_Eddine_Ouliou,peterchero,1/2-1/2,1194,1284,D06,,Normal
Rated bullet game,https://lichess.org/cOqQwWHu,2024.01.19,infknighty,peterchero,0-1,1365,1257,D23,,Normal
Rated blitz game,https://lichess.org/MCQsqMCN,2024.01.17,Stjolse,peterchero,0-1,1298,1273,C42,,Normal
Rated bullet game,https://lichess.org/rsaJZCCt,2024.01.17,vvvvv_desikeych,peterchero,1-0,1292,1279,C50,,Normal
Rated blitz game,https://lichess.org/MsUNohXh,2024.01.16,egevka,peterchero,0-1,1236,1256,A00,,Normal
Rated blitz game,https://lichess.org/jtLYUWa4,2024.01.16,Bilal8585,peterchero,0-1,1272,1225,A00,,Time forfeit
Casual bullet game,https://lichess.org/ATVg7PZs,2024.10.02,Bearchess22,peterchero,1-0,1470,1400,C23,,Normal
Rated bullet game,https://lichess.org/WbYGfwHZ,2024.01.15,cominotto,peterchero,0-1,1207,1257,C25,,Time forfeit
Rated bullet game,https://lichess.org/lpqfbjRw,2024.01.15,Hallome1nelieben,peterchero,0-1,1181,1246,A00,,Normal
Rated bullet game,https://lichess.org/xEGf6cM1,2024.01.14,vicpas,peterchero,0-1,1224,1234,C02,,Time forfeit
Rated bullet game,https://lichess.org/PvoZQnqc,2024.01.13,Joe3muko,peterchero,1-0,1224,1237,C24,,Time forfeit
Rated bullet game,https://lichess.org/cL6xT922,2024.01.11,Ahmedelmorsy00,peterchero,1-0,1247,1236,A01,,Normal
Rated bullet game,https://lichess.org/HOku2nRR,2024.01.11,tittiestaddies,peterchero,1-0,1181,1286,D00,,Normal
Rated bullet game,https://lichess.org/7mZmrK0D,2024.01.10,Pepe729,peterchero,0-1,1292,1252,D00,,Normal
Rated bullet game,https://lichess.org/dvMmz5Fd,2024.01.10,tarheel1,peterchero,1-0,1241,1256,C42,,Time forfeit
Rated bullet game,https://lichess.org/85Xzi200,2024.01.10,noviceplayer1234,peterchero,1-0,1286,1228,C20,,Time forfeit
Rated bullet game,https://lichess.org/xkKgf832,2024.01.10,Awing-Aj,peterchero,0-1,1148,1208,C42,,Time forfeit
Casual bullet game,https://lichess.org/8F8Zzmv3,2024.10.02,Bearchess22,peterchero,1-0,1470,1400,C50,,Normal
Rated bullet game,https://lichess.org/2jMoBws9,2024.01.10,Rocinante_m,peterchero,0-1,1171,1208,C34,,Time forfeit
Rated bullet game,https://lichess.org/CaKOs88x,2024.01.10,Mamank_Gaming,peterchero,1-0,1279,1270,C44,,Normal
Rated blitz game,https://lichess.org/OyB7ForB,2023.12.24,knockturn,peterchero,0-1,1205,1201,D00,,Normal
Rated blitz game,https://lichess.org/sBcRc9vg,2023.12.24,samnosus,peterchero,1-0,1260,1223,D06,,Normal
Rated blitz game,https://lichess.org/T7xhLtsr,2023.12.24,Ega23,peterchero,1-0,1191,1257,C47,,Normal
Rated blitz game,https://lichess.org/tDQPlA5v,2023.12.24,EvgenPPPP,peterchero,0-1,1130,1232,C50,,Normal
Casual blitz game,https://lichess.org/H4H7zY9X,2023.11.20,Vilapa207,peterchero,0-1,1242,1232,D04,,Normal
Casual rapid game,https://lichess.org/VFtCdf91,2023.11.20,chessbudy1,peterchero,0-1,1239,1504,D20,,Normal
Casual rapid game,https://lichess.org/8dMjhiJm,2023.11.17,albiroitour,peterchero,1-0,1464,1504,D00,,Normal
Casual blitz game,https://lichess.org/4eUfeMb3,2023.11.15,Lerroy__08,peterchero,0-1,1277,1232,A00,,Normal
Casual bullet game,https://lichess.org/UHwUfEaR,2024.10.02,Bearchess22,peterchero,1-0,1470,1400,C50,,Normal
Casual rapid game,https://lichess.org/Tvb3Or14,2023.11.15,fidooo,peterchero,1-0,1500,1504,A00,,Normal
Casual rapid game,https://lichess.org/mT7x2Lqh,2023.11.15,aliiran66,peterchero,0-1,1500,1504,C65,,Normal
Casual rapid game,https://lichess.org/pAaPeN6S,2023.11.10,hamed-geravand,peterchero,1-0,1500,1504,C20,,Normal
Casual rapid game,https://lichess.org/hSpkj3Db,2023.11.03,GO_1984,peterchero,1-0,1482,1504,C50,,Time forfeit
Casual blitz game,https://lichess.org/aDKq3Xcn,2023.10.27,aries_0987,peterchero,0-1,1145,1232,A01,,Time forfeit
Casual blitz game,https://lichess.org/usiffUJs,2023.10.26,easyeagle88,peterchero,1-0,1686,1232,C44,,Time forfeit
Casual rapid game,https://lichess.org/89jfmLaE,2023.10.26,sepehr-m,peterchero,1-0,1458,1504,C65,,Normal
Casual blitz game,https://lichess.org/17HgmdSm,2023.10.25,abo3mo,peterchero,0-1,1237,1232,C50,,Normal
Casual blitz game,https://lichess.org/DH3El2EW,2023.10.25,rayan4468,peterchero,1-0,1320,1232,C20,,Normal
Casual blitz game,https://lichess.org/ye8JgGuu,2023.10.25,The_Shadow_Gambit,peterchero,1-0,1500,1232,A01,,Normal
Casual blitz game,https://lichess.org/OGdiZUR1,2024.10.21,maia5,peterchero,1-0,1493,1351,D00,,Normal
Casual blitz game,https://lichess.org/sPcxLE0P,2024.10.01,mehmetsumbul,peterchero,0-1,1500,1415,D01,,Normal
Casual blitz game,https://lichess.org/KBFv3pHH,2023.10.09,bobbycrusher,peterchero,1-0,1617,1232,A04,,Normal
Casual blitz game,https://lichess.org/K8Mf9IZ2,2023.10.09,bobbycrusher,peterchero,1-0,1617,1232,D02,,Time forfeit
Casual blitz game,https://lichess.org/8OTUD62l,2023.10.09,bobbycrusher,peterchero,1-0,1617,1232,A04,,Normal
Rated blitz game,https://lichess.org/ViUMpdXY,2023.07.04,Abdullah_2015,peterchero,0-1,1176,1220,C65,,Normal
Rated blitz game,https://lichess.org/PVHEmNvh,2023.07.04,emaurss,peterchero,1-0,1305,1219,C55,,Normal
Rated bullet game,https://lichess.org/jKmWFd6V,2023.05.29,ShmiSasha2014,peterchero,0-1,1225,1220,C23,,Normal
Rated bullet game,https://lichess.org/zbmiBb7N,2023.05.29,EgorI_VS_777,peterchero,0-1,1253,1218,C42,,Time forfeit
Rated bullet game,https://lichess.org/wTKIrWn1,2023.05.29,Sherifallam,peterchero,0-1,1253,1201,A00,,Time forfeit
Rated bullet game,https://lichess.org/wyP4HKpp,2023.05.29,your_majesty,peterchero,0-1,1164,1199,A00,,Time forfeit
Rated bullet game,https://lichess.org/mN7kGvwO,2023.05.29,armen-5,peterchero,1-0,1229,1207,A04,,Time forfeit
Casual bullet game,https://lichess.org/USVv7ZWX,2024.10.01,Jean_Peuplu,peterchero,0-1,1407,1400,C60,,Time forfeit
Rated bullet game,https://lichess.org/1NcjTz1R,2023.05.29,Santiagoparaguay,peterchero,0-1,1214,1198,C30,,Normal
Rated bullet game,https://lichess.org/uwTyx792,2023.05.29,taue_ar,peterchero,1-0,1240,1196,D02,,Time forfeit
Rated blitz game,https://lichess.org/gkHCIgRQ,2023.05.28,gbaasgbos,peterchero,0-1,1215,1221,D80,,Normal
Rated blitz game,https://lichess.org/A1wY4DE6,2023.05.26,xQandout,peterchero,0-1,1231,1194,D02,,Normal
Rated blitz game,https://lichess.org/K4AYWEkQ,2023.05.26,satotb,peterchero,0-1,1218,1183,C53,,Normal
Rated bullet game,https://lichess.org/K5G9XDj8,2023.05.07,Foplo33c,peterchero,1-0,1294,1201,A02,,Time forfeit
Rated bullet game,https://lichess.org/2Uq0FPKG,2023.05.07,gwin232,peterchero,1-0,1252,1212,A00,,Normal
Rated bullet game,https://lichess.org/Ma6Cqiva,2023.05.03,mirza54,peterchero,1-0,1199,1229,D53,,Normal
Rated rapid game,https://lichess.org/IuEGgZyK,2023.04.27,Jeezaam,peterchero,1-0,1538,1502,D00,,Normal
Rated bullet game,https://lichess.org/9ElmOnth,2023.04.27,DarkChessman,peterchero,0-1,1195,1217,A22,,Time forfeit
Casual blitz game,https://lichess.org/RWQLjajw,2024.09.26,Iaco,peterchero,1-0,1346,1415,B06,,Normal
Casual rapid game,https://lichess.org/iIi0OdA2,2023.04.26,MuabDibb,peterchero,1-0,1603,1502,C64,,Normal
Casual bullet game,https://lichess.org/s8axbx1k,2023.04.26,jgarciber,peterchero,1-0,1644,1217,C50,,Normal
Casual bullet game,https://lichess.org/arfiwy5R,2023.04.26,jgarciber,peterchero,1-0,1644,1217,C50,,Time forfeit
Rated bullet game,https://lichess.org/bYIBiR58,2023.04.24,invicible,peterchero,0-1,1278,1209,A01,,Time forfeit
Rated bullet game,https://lichess.org/lLb6YuVw,2023.04.24,ToinDoido,peterchero,1-0,1198,1210,C20,,Normal
Rated bullet game,https://lichess.org/8lu058oL,2023.04.24,Talema,peterchero,1/2-1/2,1336,1214,C47,,Time forfeit
Rated bullet game,https://lichess.org/3BbissCD,2023.04.24,SurenEds98,peterchero,1-0,1180,1215,C25,,Normal
Rated bullet game,https://lichess.org/SXyWxqMr,2023.04.24,MisterBarrios,peterchero,0-1,1142,1214,A00,,Time forfeit
Rated bullet game,https://lichess.org/3anrrpAg,2023.04.24,SkyBri,peterchero,1-0,1189,1229,C50,,Time forfeit
Rated bullet game,https://lichess.org/ozKS9pZo,2023.04.24,g27,peterchero,1-0,1276,1222,B00,,Normal
Casual bullet game,https://lichess.org/TPpWNONB,2024.09.26,masoudfeyzi,peterchero,0-1,1231,1400,C40,,Time forfeit
Rated bullet game,https://lichess.org/W85uhk8D,2023.04.24,retro186,peterchero,0-1,1169,1225,C25,,Time forfeit
Rated bullet game,https://lichess.org/PMN44hvW,2023.04.23,devran25,peterchero,0-1,1260,1222,D06,,Time forfeit
Rated bullet game,https://lichess.org/kEYTkXyI,2023.04.23,devran25,peterchero,1-0,1254,1230,A40,,Normal
Rated bullet game,https://lichess.org/9D0MPNGP,2023.04.23,toyranc,peterchero,1-0,1275,1247,C48,,Time forfeit
Rated bullet game,https://lichess.org/ajRmFfXa,2023.04.23,sohan1234567,peterchero,1-0,1249,1250,C57,,Time forfeit
Rated bullet game,https://lichess.org/8l2jHNLk,2023.04.23,Hnucl79,peterchero,0-1,1306,1257,A40,,Time forfeit
Rated bullet game,https://lichess.org/XeocjAzK,2023.04.23,kamaliza,peterchero,1-0,1221,1281,D00,,Normal
Rated bullet game,https://lichess.org/nL4Mi5hr,2023.04.23,leebraun,peterchero,0-1,1305,1269,D77,,Time forfeit
Rated bullet game,https://lichess.org/AfaiejSH,2023.04.23,jery33,peterchero,1-0,1276,1304,C50,,Normal
Rated bullet game,https://lichess.org/2Cy08e47,2023.04.23,stephano_j13,peterchero,0-1,1187,1299,C44,,Time forfeit
Casual rapid game,https://lichess.org/HB7YqPAm,2024.09.23,ahmadnassar,peterchero,0-1,1525,1507,C23,,Normal
Rated bullet game,https://lichess.org/bzyxpMac,2023.04.23,lordoan,peterchero,1-0,1310,1313,A00,,Normal
Rated bullet game,https://lichess.org/B7i3kXcW,2023.04.23,GladR1,peterchero,0-1,1317,1297,C44,,Normal
Rated blitz game,https://lichess.org/PD0bPIpW,2023.04.23,Igor_Plaksin,peterchero,0-1,1117,1161,C34,,Time forfeit
Rated blitz game,https://lichess.org/qoD7eIjX,2023.04.23,Uniquesatyendra,peterchero,0-1,1097,1156,A00,,Normal
Rated blitz game,https://lichess.org/VTtxrM7X,2023.04.23,arcqk5,peterchero,1-0,1124,1157,C44,,Normal
Rated blitz game,https://lichess.org/pachwrmh,2023.04.23,megaknight2007,peterchero,0-1,1136,1140,C46,,Normal
Rated blitz game,https://lichess.org/YXQ1DKle,2023.04.22,Umarbala,peterchero,1-0,1179,1145,C20,,Time forfeit
Rated blitz game,https://lichess.org/ZI2Ifyei,2023.04.22,m00ya,peterchero,1-0,1101,1159,C30,,Normal
Rated blitz game,https://lichess.org/lPlyFSVr,2023.04.22,dds_night_king,peterchero,0-1,1045,1155,C50,,Normal
Rated blitz game,https://lichess.org/efMhMfQV,2023.04.22,OscarChine16,peterchero,0-1,1150,1155,D00,,Normal
Casual bullet game,https://lichess.org/I3cMwGN8,2024.09.04,caturdayyet,peterchero,1-0,1398,1400,C40,,Time forfeit
Rated blitz game,https://lichess.org/faipGO5l,2023.04.22,gokhanngm,peterchero,1-0,1167,1162,A00,,Normal
Rated blitz game,https://lichess.org/nOQdcRZ8,2023.04.22,eoghanclancy,peterchero,0-1,1154,1155,C50,,Normal
Rated blitz game,https://lichess.org/Lnn18zBD,2023.04.22,aangra77,peterchero,0-1,1167,1133,D02,,Normal
Rated blitz game,https://lichess.org/7navnDmg,2023.04.22,nicolasrverabarros,peterchero,1-0,1136,1133,C20,,Normal
Rated blitz game,https://lichess.org/FmUDj2dy,2023.04.22,G3orG_25,peterchero,1-0,1201,1140,C41,,Time forfeit
Rated blitz game,https://lichess.org/7MV93rtR,2023.04.22,ICEMAN47,peterchero,1-0,1246,1147,C50,,Normal
Rated blitz game,https://lichess.org/sFC7IsQx,2023.04.22,Kokito32,peterchero,1-0,1184,1146,B07,,Normal
Rated blitz game,https://lichess.org/fxERlvVl,2023.04.22,caterpillar1980,peterchero,1-0,1121,1167,D01,,Normal
Rated blitz game,https://lichess.org/xuQNvKk1,2023.04.22,caterpillar1980,peterchero,0-1,1125,1159,C20,,Normal
Rated blitz game,https://lichess.org/sgscc62o,2023.04.22,Esc_2020,peterchero,1-0,1071,1152,D02,,Normal
Casual blitz game,https://lichess.org/oj7XQNM7,2024.09.04,Whyissodidicult,peterchero,0-1,1500,1415,C23,,Normal
Rated blitz game,https://lichess.org/xyqH5kEM,2023.04.22,setare222,peterchero,0-1,1161,1139,A00,,Normal
Rated bullet game,https://lichess.org/ftFaugcI,2023.04.20,dr_IvanKaramazov,peterchero,0-1,1292,1281,C50,,Time forfeit
Casual rapid game,https://lichess.org/q2NNJqGr,2023.04.20,dark0809,peterchero,0-1,1500,1502,B20,,Normal
Casual rapid game,https://lichess.org/0swtKelE,2023.04.20,dark0809,peterchero,0-1,1500,1502,C24,,Normal
Rated bullet game,https://lichess.org/dhPcifnq,2023.04.20,Haffner,peterchero,1-0,1242,1282,C34,,Normal
Rated bullet game,https://lichess.org/MfmXxMX3,2023.04.18,leo021994,peterchero,1-0,1308,1282,A40,,Normal
Rated bullet game,https://lichess.org/HfGOJ8gj,2023.04.18,scooby64,peterchero,1-0,1381,1298,D00,,Normal
Casual blitz game,https://lichess.org/TQMgTlfj,2023.04.17,Anhtruc2015,peterchero,0-1,662,1149,D00,,Time forfeit
Casual rapid game,https://lichess.org/FeShhWao,2023.04.14,AMKG,peterchero,0-1,1500,1502,C46,,Normal
Casual rapid game,https://lichess.org/15EgwhIG,2023.04.14,musapinj,peterchero,0-1,1500,1502,C20,,Normal
Casual rapid game,https://lichess.org/lL1jgRgr,2024.09.02,solo29,peterchero,0-1,1050,1507,C50,,Normal
Rated bullet game,https://lichess.org/HeITKvMZ,2023.04.08,AndyChoi,peterchero,1-0,1293,1324,C20,,Time forfeit
Casual rapid game,https://lichess.org/ThS6YCd6,2023.04.04,novachok,peterchero,1-0,1491,1502,A40,,Time forfeit
Casual classical game,https://lichess.org/P5QWKFGO,2023.04.04,Roman2206,peterchero,0-1,1376,1500,B00,,Normal
Casual rapid game,https://lichess.org/zlRJCsm9,2023.04.03,DanSpielt,peterchero,1-0,1533,1502,C20,,Normal
Casual bullet game,https://lichess.org/HESjqPoZ,2023.03.31,KarlheinzRumgedisse,peterchero,0-1,1500,1324,A15,,Normal
Casual rapid game,https://lichess.org/BwXgHuiA,2023.03.31,Wolftail,peterchero,1-0,1500,1502,A40,,Normal
Casual rapid game,https://lichess.org/vNiUH1E6,2023.03.31,Alekhine01,peterchero,1-0,1459,1502,C51,,Normal
Casual rapid game,https://lichess.org/Q3VBZ8xC,2023.03.30,cbm01,peterchero,0-1,1500,1502,C50,,Time forfeit
Casual rapid game,https://lichess.org/xt9uvzmn,2023.03.30,Myshakhan,peterchero,0-1,1527,1502,C44,,Normal
Casual rapid game,https://lichess.org/DH9R6xBZ,2023.03.30,benjapuelles,peterchero,0-1,1500,1502,A00,,Time forfeit
Casual blitz game,https://lichess.org/A94ioTUr,2024.09.02,elliotsimpson_hf,peterchero,0-1,1217,1415,D77,,Normal
Rated blitz game,https://lichess.org/5QWqHtsL,2023.03.29,Batur12412,peterchero,0-1,1108,1141,C25,,Normal
Rated blitz game,https://lichess.org/op0gSzKR,2023.03.29,TiggaPersh,peterchero,1-0,1149,1150,A04,,Normal
Rated bullet game,https://lichess.org/dvLRYrON,2023.03.28,egegundogan,peterchero,0-1,1276,1274,A25,,Normal
Rated blitz game,https://lichess.org/uyiBZ8Zz,2023.03.28,jbaniwas,peterchero,1-0,1144,1152,C50,,Time forfeit
Rated blitz game,https://lichess.org/XrVNVttk,2023.03.26,itsmeyaser1,peterchero,0-1,993,1138,C45,,Normal
Rated blitz game,https://lichess.org/vKaXiysD,2023.03.26,BOODY2120,peterchero,0-1,1015,1131,C44,,Normal
Rated blitz game,https://lichess.org/kC02DLuu,2023.03.26,BOODY2120,peterchero,0-1,1024,1116,C44,,Normal
Rated blitz game,https://lichess.org/fnl4zZ20,2023.03.25,marconev,peterchero,0-1,1088,1108,D00,,Time forfeit
Rated blitz game,https://lichess.org/4Tr4Qk6x,2023.03.25,ngey,peterchero,1-0,1080,1114,C41,,Normal
Rated blitz game,https://lichess.org/0VGT4ERf,2023.03.25,Carnyx,peterchero,1/2-1/2,1183,1104,C41,,Normal
Casual rapid game,https://lichess.org/523blcRJ,2024.08.29,serhzik,peterchero,1/2-1/2,1500,1507,C29,,Time forfeit
Casual blitz game,https://lichess.org/ScWbhvwK,2023.03.25,StrongerThenYou,peterchero,0-1,1211,1104,C20,,Normal
Rated bullet game,https://lichess.org/dD2hKuK1,2023.03.24,getpost,peterchero,1-0,1217,1280,D06,,Time forfeit
Rated blitz game,https://lichess.org/jPsPFfGk,2023.03.24,XsyxSonic1,peterchero,0-1,1083,1091,C53,,Time forfeit
Rated blitz game,https://lichess.org/mC3I0JUI,2023.03.24,bucchin,peterchero,0-1,1171,1083,A00,,Time forfeit
Rated blitz game,https://lichess.org/xH3gxR28,2023.03.24,Zezo-BekoEgypt,peterchero,0-1,1087,1068,C20,,Time forfeit
Rated blitz game,https://lichess.org/e71ncRUQ,2023.03.24,Shihani_95,peterchero,1-0,1043,1066,C34,,Normal
Rated blitz game,https://lichess.org/xdTMBKsA,2023.03.24,zotny,peterchero,1/2-1/2,1023,1053,A01,,Normal
Casual bullet game,https://lichess.org/mfTalttC,2023.03.18,BingoBongo987,peterchero,1-0,1272,1290,C25,,Normal
Casual blitz game,https://lichess.org/Rmfmoh6q,2023.03.16,monolow,peterchero,1-0,1413,1070,D00,,Time forfeit
Casual rapid game,https://lichess.org/CemdyVX7,2023.03.15,Evgeniy508,peterchero,1-0,1646,1549,C01,,Normal
Rated blitz game,https://lichess.org/x0NjMqOX,2024.10.20,ChessPhenomenon,peterchero,1-0,1251,1356,D00,,Normal
Casual bullet game,https://lichess.org/zFGKsHcv,2024.08.27,osBTD,peterchero,1-0,1337,1400,C50,,Time forfeit
Casual blitz game,https://lichess.org/0SXa7bxh,2023.03.15,marco314159,peterchero,1-0,1468,1070,D06,,Normal
Rated rapid game,https://lichess.org/Gf77tCub,2023.02.27,paganoodle,peterchero,1-0,1625,1599,C50,,Normal
Rated rapid game,https://lichess.org/H9LGa0LG,2023.02.26,TristanAsmara,peterchero,0-1,1591,1521,D02,,Normal
Rated bullet game,https://lichess.org/F51awk8P,2023.02.24,MARIO1962,peterchero,1-0,1375,1316,A22,,Time forfeit
Rated blitz game,https://lichess.org/lY1aHh2K,2023.02.23,furkan35x,peterchero,0-1,1036,1056,B00,,Normal
Rated blitz game,https://lichess.org/7sJtGv4P,2023.02.23,Jasper2003,peterchero,1-0,1161,1067,C25,,Normal
Rated rapid game,https://lichess.org/gxLYCQki,2023.02.23,Himanshu_75,peterchero,0-1,1498,1426,C50,,Normal
Rated rapid game,https://lichess.org/dq60T5OU,2023.02.23,Alfilcaballuno,peterchero,0-1,1335,1322,A40,,Normal
Casual rapid game,https://lichess.org/3MYmAq1i,2023.01.27,jool,peterchero,1-0,1605,1322,C45,,Normal
Rated blitz game,https://lichess.org/m5UepJmy,2023.01.25,Monsoonroad,peterchero,1-0,1059,1066,C44,,Normal
Casual bullet game,https://lichess.org/zhH32QB7,2024.08.17,Japan0708,peterchero,0-1,1302,1400,D30,,Normal
Casual blitz game,https://lichess.org/JzFzk7tF,2023.01.25,tibasbh,peterchero,0-1,1278,1066,C40,,Normal
Casual blitz game,https://lichess.org/BlRZYsba,2023.01.25,MoDi2233,peterchero,1-0,1500,1066,C44,,Normal
Casual rapid game,https://lichess.org/tZ8YetWK,2023.01.25,Nan_Htike1,peterchero,1-0,1475,1322,C56,,Normal
Rated blitz game,https://lichess.org/2C2FLrDE,2023.01.25,RoxasCapiz,peterchero,0-1,1070,1050,C23,,Time forfeit
Rated blitz game,https://lichess.org/WoDWGNbg,2023.01.25,MixShadow,peterchero,1-0,992,1053,B00,,Normal
Rated blitz game,https://lichess.org/TVHildl9,2023.01.25,AlmatKing,peterchero,1-0,1070,1055,C22,,Normal
Rated blitz game,https://lichess.org/Fd5zW3I1,2023.01.25,octornadopus,peterchero,1-0,972,1067,C44,,Normal
Rated blitz game,https://lichess.org/H1cBCe5l,2023.01.25,Insecto35,peterchero,0-1,1006,1048,A01,,Time forfeit
Rated blitz game,https://lichess.org/ygQliAWo,2023.01.25,exportarts,peterchero,1-0,1094,1101,C44,,Normal
Rated blitz game,https://lichess.org/ulUlZyFL,2023.01.25,pinedo14,peterchero,1-0,1221,1104,D00,,Normal
Casual rapid game,https://lichess.org/Rq0Ec8TS,2024.08.06,Aluap_74,peterchero,0-1,1454,1507,A48,,Normal
Rated blitz game,https://lichess.org/BMmd0zaE,2023.01.25,Bizaman,peterchero,1-0,1157,1132,B00,,Normal
Casual bullet game,https://lichess.org/MzAUaWrU,2023.01.25,Uoiia,peterchero,1-0,1589,1274,C44,,Normal
Casual bullet game,https://lichess.org/O4aagjIo,2023.01.25,lobito50,peterchero,0-1,1609,1274,D02,,Time forfeit
Casual blitz game,https://lichess.org/GaCK85Ph,2023.01.25,izakkar,peterchero,0-1,1443,1100,C44,,Time forfeit
Casual blitz game,https://lichess.org/pa2FFEzg,2023.01.24,WOLF_ALBERTO,peterchero,0-1,1217,1100,C44,,Normal
Casual blitz game,https://lichess.org/7YowE1uJ,2023.01.24,DISKORDIER1982,peterchero,0-1,1308,1100,D20,,Normal
Casual blitz game,https://lichess.org/XRap3Uv3,2023.01.23,Keyfi_baj,peterchero,0-1,1047,1100,B00,,Normal
Casual rapid game,https://lichess.org/5bm9OLuD,2023.01.23,ljeanbb64,peterchero,1-0,1343,1322,D02,,Time forfeit
Casual rapid game,https://lichess.org/8ntvMhau,2023.01.23,dominika1399,peterchero,0-1,844,1322,C50,,Normal
Casual bullet game,https://lichess.org/0GucbPXw,2023.01.20,Hueter-der-Feste,peterchero,1-0,1189,1274,C44,,Time forfeit
Casual classical game,https://lichess.org/5dOgB5uZ,2024.08.06,krit123456,peterchero,0-1,1050,1500,C44,,Normal
Casual classical game,https://lichess.org/r8NiIIjE,2023.01.20,Daveass,peterchero,1-0,1500,1500,C36,,Normal
Casual rapid game,https://lichess.org/319kwZQa,2023.01.20,Willi293,peterchero,1-0,1127,1322,D00,,Time forfeit
Casual blitz game,https://lichess.org/xCKf2IKt,2023.01.20,jilet-altan,peterchero,0-1,810,1100,C20,,Normal
Casual rapid game,https://lichess.org/FkYJc6dq,2023.01.19,karokan1,peterchero,1-0,1500,1322,C45,,Time forfeit
Casual blitz game,https://lichess.org/7y0DqVTw,2023.01.19,kaCzmi120,peterchero,0-1,803,1100,C20,,Normal
Rated blitz game,https://lichess.org/bSLQ0VqP,2023.01.18,Desmodue270,peterchero,0-1,1056,1101,C22,,Time forfeit
Casual rapid game,https://lichess.org/m2xfeCzU,2023.01.18,ILO_Martin,peterchero,1-0,1198,1322,C50,,Normal
Rated blitz game,https://lichess.org/hhDL0wq2,2023.01.04,patgne,peterchero,1-0,1149,1143,C50,,Normal
Rated blitz game,https://lichess.org/KBDCBs19,2023.01.04,scaccomattooooo,peterchero,0-1,965,1114,C65,,Normal
Casual bullet game,https://lichess.org/RQIN3TSF,2023.01.01,SciFiCarrot,peterchero,0-1,892,1306,A01,,Time forfeit
Casual blitz game,https://lichess.org/JsVi2rRC,2024.08.06,Jazzfanatic,peterchero,1-0,1375,1415,A41,,Normal
Casual blitz game,https://lichess.org/ZkdGOUzc,2022.12.29,ayushbharti167,peterchero,1-0,1169,1075,A40,,Normal
Casual blitz game,https://lichess.org/FfPYr7uM,2022.12.29,omprakashILU,peterchero,0-1,1500,1075,D01,,Normal
Casual bullet game,https://lichess.org/nOJMF18z,2022.12.29,myai2036,peterchero,0-1,1055,1306,C50,,Time forfeit
Casual bullet game,https://lichess.org/PjtZ9Llv,2022.12.29,RevolioClockberg,peterchero,0-1,1412,1306,C54,,Normal
Casual blitz game,https://lichess.org/plNcCzyr,2022.12.29,anghello3,peterchero,1-0,1256,1075,C51,,Normal
Casual bullet game,https://lichess.org/Nv814i8l,2022.12.29,Sardash,peterchero,0-1,938,1306,C57,,Time forfeit
Casual blitz game,https://lichess.org/dNE5hX6t,2022.12.29,anghello3,peterchero,0-1,1256,1075,C51,,Normal
Casual rapid game,https://lichess.org/UFNbYden,2022.12.16,GoGoJa,peterchero,0-1,1393,1322,A01,,Normal
Casual rapid game,https://lichess.org/LkmI3ha7,2022.12.16,GoGoJa,peterchero,1-0,1393,1322,A01,,Normal
Casual rapid game,https://lichess.org/yirLaHP0,2022.12.12,Oslo58,peterchero,0-1,982,1322,C20,,Normal
Casual bullet game,https://lichess.org/tQd0zc0d,2024.08.06,peradajz,peterchero,1-0,1422,1400,C34,,Normal
Casual blitz game,https://lichess.org/Vud3nrIP,2022.12.07,Rookie_2,peterchero,1-0,1144,1075,C46,,Time forfeit
Casual rapid game,https://lichess.org/EKHBS6Ef,2022.12.07,UKrasnal,peterchero,0-1,1129,1322,D06,,Normal
Casual blitz game,https://lichess.org/A05dq6ND,2022.12.07,rafaelrsantos2,peterchero,0-1,906,1075,C50,,Normal
Casual blitz game,https://lichess.org/26aATvHc,2022.12.05,Julosp,peterchero,0-1,1183,1075,C20,,Normal
Casual blitz game,https://lichess.org/huyksWFo,2022.12.02,pinu,peterchero,1-0,924,1075,B00,,Time forfeit
Casual bullet game,https://lichess.org/EY7f1RnD,2022.12.02,CVO30,peterchero,1-0,1231,1306,C20,,Normal
Casual bullet game,https://lichess.org/eolO5fXP,2022.12.02,luigi_el_peon,peterchero,0-1,1111,1306,C64,,Time forfeit
Casual blitz game,https://lichess.org/Ay4mcn0K,2022.12.02,enragasza,peterchero,1-0,1299,1075,C50,,Normal
Casual bullet game,https://lichess.org/OLIpXdr7,2022.12.02,alexqrt,peterchero,1-0,1317,1306,C44,,Normal
Casual blitz game,https://lichess.org/Lat3Dnu2,2022.12.02,Megin19,peterchero,0-1,1028,1075,C24,,Normal
Casual classical game,https://lichess.org/Q7OudSb1,2024.08.05,isbajwa005,peterchero,0-1,1500,1500,D00,,Normal
Casual blitz game,https://lichess.org/w7HprwnN,2022.12.02,DerekTop777,peterchero,0-1,1024,1075,D04,,Normal
Casual blitz game,https://lichess.org/3ZqJOAtZ,2022.12.02,Filmaty98,peterchero,0-1,1184,1075,C33,,Normal
Casual rapid game,https://lichess.org/O3d7ZQIK,2022.12.02,eazie101,peterchero,1-0,856,1322,C50,,Normal
Casual bullet game,https://lichess.org/fjzzVfny,2022.12.02,ShirtGambit,peterchero,1-0,1142,1306,B00,,Normal
Casual bullet game,https://lichess.org/PIdwS4U8,2022.12.02,ShirtGambit,peterchero,1-0,1142,1306,B00,,Normal
Casual blitz game,https://lichess.org/2pMTqR3v,2022.12.01,iloveyou59,peterchero,0-1,920,1075,B00,,Normal
Rated rapid game,https://lichess.org/PgUqwNcZ,2022.11.21,PastorJR,peterchero,0-1,1186,1203,D00,,Normal
Rated blitz game,https://lichess.org/xBmVeokl,2022.10.19,biochimera,peterchero,1/2-1/2,1001,1088,C00,,Normal
Rated bullet game,https://lichess.org/AbvDmDpY,2022.10.19,Jochaps,peterchero,0-1,1278,1277,C45,,Normal
Rated bullet game,https://lichess.org/J40wOzYd,2022.10.19,eka_iswandie,peterchero,0-1,1255,1239,A00,,Time forfeit
Casual blitz game,https://lichess.org/8fEZtPlx,2024.08.05,ZUV_1969,peterchero,1-0,1500,1415,D00,,Normal
Rated bullet game,https://lichess.org/r1J5Ogl4,2022.10.19,rmian525,peterchero,1-0,1264,1281,C44,,Normal
Rated rapid game,https://lichess.org/lZDDRaaf,2022.10.17,dastpak383383,peterchero,0-1,1088,944,C65,,Normal
Rated bullet game,https://lichess.org/lNuVrhFb,2022.10.16,Sberka,peterchero,0-1,1103,1196,C55,,Time forfeit
Casual bullet game,https://lichess.org/pgCrMHlR,2022.10.14,GlenRichards,peterchero,1-0,1445,1256,A16,,Time forfeit
Casual blitz game,https://lichess.org/jvSaJ12J,2022.10.14,santalucia,peterchero,1-0,1387,1148,A00,,Normal
Casual UltraBullet game,https://lichess.org/jq2joFpt,2022.10.14,JIMENITO_elguapo007,peterchero,1-0,1720,1500,A04,,Time forfeit
Casual rapid game,https://lichess.org/uTwWHfGJ,2022.10.14,RedBusRob,peterchero,1-0,1788,1500,D00,,Normal
Rated bullet game,https://lichess.org/zjagDr8j,2022.10.12,Rulfaschess,peterchero,1-0,1280,1342,D06,,Normal
Casual blitz game,https://lichess.org/s8iT1nrV,2022.03.01,TeguhPras08,peterchero,1-0,1302,1148,B00,,Normal
Casual rapid game,https://lichess.org/NrONNiFD,2022.02.23,mydrall,peterchero,1-0,1500,1500,C28,,Normal
Casual blitz game,https://lichess.org/ewpfVTGk,2024.08.05,ZUV_1969,peterchero,0-1,1500,1415,D00,,Normal
Casual blitz game,https://lichess.org/G4Dcmkc8,2022.02.23,joewie919,peterchero,0-1,1156,1148,C50,,Normal
Casual blitz game,https://lichess.org/HKTP1nRB,2022.02.23,joewie919,peterchero,0-1,1156,1148,C45,,Normal
Casual rapid game,https://lichess.org/YyGGLGBW,2022.02.23,msvn,peterchero,1-0,1528,1500,C45,,Normal
Casual bullet game,https://lichess.org/1QzBLg0K,2022.02.23,michaelscholz,peterchero,0-1,1490,1342,C60,,Normal
Casual rapid game,https://lichess.org/3JW7GqEg,2022.02.21,GV_1980,peterchero,0-1,1299,1500,E90,,Normal
Casual blitz game,https://lichess.org/vk9DSqGQ,2022.02.21,Edson1sub1,peterchero,1-0,1318,1148,C44,,Normal
Casual bullet game,https://lichess.org/2QDXGSiV,2022.02.21,LAAM22,peterchero,1-0,1288,1342,C44,,Normal
Casual bullet game,https://lichess.org/pw9bvA0S,2022.02.21,Russia_without_Putin,peterchero,1-0,1828,1342,D02,,Normal
Rated bullet game,https://lichess.org/IgEBW2Gm,2022.02.20,Hermann12,peterchero,0-1,1203,1220,C50,,Normal
Rated blitz game,https://lichess.org/uFInBLQ7,2022.02.20,IBEL1,peterchero,0-1,1110,1109,C44,,Time forfeit
Casual UltraBullet game,https://lichess.org/20CIInul,2024.08.04,snithik999,peterchero,0-1,1500,1500,C20,,Time forfeit
Rated blitz game,https://lichess.org/8I1o7kic,2022.02.20,mertkozdereli,peterchero,0-1,1183,1050,C20,,Normal
Rated blitz game,https://lichess.org/EHsxxAEr,2022.02.20,paivagdante,peterchero,1-0,1122,1095,A00,,Time forfeit
Rated blitz game,https://lichess.org/veXpdLJ7,2022.02.20,oladi89,peterchero,0-1,995,1013,C50,,Normal
Rated blitz game,https://lichess.org/haIY9cmk,2022.02.20,Asymov,peterchero,1-0,1317,1188,B00,,Normal
Rated blitz game,https://lichess.org/qVVdVJjj,2022.02.20,MrAbhishekRawat,peterchero,1-0,1405,1500,A07,,Time forfeit
Rated bullet game,https://lichess.org/5euEw6kt,2022.01.26,kayahan34,peterchero,0-1,1282,1210,C20,,Normal
Casual bullet game,https://lichess.org/kSx2a73c,2021.02.23,linustechtips,peterchero,1-0,1500,1500,A00,,Normal
Casual bullet game,https://lichess.org/4pg1CuYg,2021.02.23,linustechtips,peterchero,0-1,1500,1500,C46,,Time forfeit
Rated blitz game,https://lichess.org/5yaONJED,2024.10.20,peterchero,jalavi,1-0,1337,1319,A40,,Normal
Casual blitz game,https://lichess.org/sJ5yjWjm,2024.10.18,peterchero,Boris-Trapsky,0-1,1356,2022,D02,,Normal
Rated blitz game,https://lichess.org/yyGogLD2,2024.10.18,bodjajmustapha,peterchero,1-0,1406,1359,C50,,Normal
Casual UltraBullet game,https://lichess.org/HaaSQZur,2024.08.04,snithik999,peterchero,0-1,1500,1500,C20,,Time forfeit
Casual blitz game,https://lichess.org/JdfoMkIE,2024.10.18,peterchero,maia5,1-0,1356,1490,A40,,Normal
Casual blitz game,https://lichess.org/1gKpGt5B,2024.10.18,peterchero,maia5,0-1,1356,1490,D02,,Normal
Casual blitz game,https://lichess.org/6Q0DAOBx,2024.10.18,peterchero,maia1,1-0,1356,1430,D02,,Normal
Rated blitz game,https://lichess.org/jXXSDGnI,2024.10.18,peterchero,Vinicius_chess,1-0,1345,1252,D02,,Normal
Rated blitz game,https://lichess.org/T6o3A9cQ,2024.10.17,peterchero,bodjajmustapha,0-1,1375,1401,A40,,Normal
Rated blitz game,https://lichess.org/X6OPnvkt,2024.10.17,peterchero,bodjajmustapha,0-1,1371,1402,D02,,Normal
Rated blitz game,https://lichess.org/az8QgxpV,2024.10.17,peterchero,takestakestake,0-1,1413,1391,D02,,Normal
Rated blitz game,https://lichess.org/b41F0U6d,2024.10.15,peterchero,ruheesharma,1-0,1396,1402,D02,,Normal
Rated blitz game,https://lichess.org/iHCDwX1a,2024.10.15,peterchero,PANGLIMASAGO_1812,1-0,1392,1398,A00,,Normal
Rated blitz game,https://lichess.org/h74aOXbg,2024.10.15,peterchero,Andrey_Kl,1-0,1378,1422,D02,,Time forfeit
Casual UltraBullet game,https://lichess.org/1f20p4oM,2024.08.04,snithik999,peterchero,0-1,1500,1500,C20,,Time forfeit
Casual rapid game,https://lichess.org/IABOUv9b,2024.10.09,peterchero,Roel987,1-0,1507,1421,A40,,Normal
Casual rapid game,https://lichess.org/zHPihfXY,2024.10.07,peterchero,motaz24,1-0,1507,1485,A45,,Normal
Casual classical game,https://lichess.org/WAlMx3nI,2024.10.06,peterchero,Hopen123,1-0,1500,1444,D02,,Time forfeit
Casual blitz game,https://lichess.org/cqUvG3Hn,2024.10.06,peterchero,BlessAndSVG,1-0,1415,1500,D00,,Normal
Casual bullet game,https://lichess.org/s1eD5qJF,2024.10.02,peterchero,Bearchess22,0-1,1400,1470,A00,,Normal
Casual bullet game,https://lichess.org/QM5uryo2,2024.10.02,peterchero,Bearchess22,0-1,1400,1470,A41,,Normal
Casual classical game,https://lichess.org/OuYcvOeE,2024.10.02,peterchero,kamalanarayanan,1-0,1500,1500,D02,,Normal
Casual blitz game,https://lichess.org/005YVRVl,2024.10.01,peterchero,mehmetsumbul,0-1,1415,1500,D02,,Time forfeit
Casual bullet game,https://lichess.org/qCSvSxxg,2024.10.01,peterchero,Jean_Peuplu,1-0,1400,1407,D02,,Time forfeit
Casual blitz game,https://lichess.org/caqusmW9,2024.10.01,peterchero,brilliantfool47,1-0,1415,1261,D02,,Normal
Casual UltraBullet game,https://lichess.org/DxntcYe7,2024.08.04,snithik999,peterchero,0-1,1500,1500,B02,,Time forfeit
Casual rapid game,https://lichess.org/vW9YNylX,2024.09.30,peterchero,karito1971l,1-0,1507,1500,A40,,Normal
Casual bullet game,https://lichess.org/Uy17LkcO,2024.09.26,peterchero,Salva1976,0-1,1400,1231,D02,,Time forfeit
Casual rapid game,https://lichess.org/cPvbiFH3,2024.09.25,peterchero,Emmirg,1-0,1507,1577,D02,,Normal
Casual rapid game,https://lichess.org/lJAmeoWM,2024.09.16,peterchero,tekgoldenyatan,1-0,1507,1500,A43,,Normal
Casual blitz game,https://lichess.org/Au7AHxj3,2024.09.04,peterchero,Whyissodidicult,0-1,1415,1500,A00,,Normal
Casual blitz game,https://lichess.org/vEIeMgxW,2024.09.04,peterchero,Whyissodidicult,0-1,1415,1500,D02,,Normal
Casual blitz game,https://lichess.org/mrY1ll42,2024.09.02,peterchero,elliotsimpson_hf,1-0,1415,1217,A49,,Normal
Casual rapid game,https://lichess.org/2Rs4P6g4,2024.08.28,peterchero,brunellal413,1-0,1507,1496,D02,,Normal
Casual blitz game,https://lichess.org/d446GrGv,2024.08.27,peterchero,Schachmatt23,0-1,1415,1315,A40,,Time forfeit
Casual rapid game,https://lichess.org/FaxH8VTG,2024.08.26,peterchero,KIN_GIM_RAN,0-1,1507,1398,A46,,Time forfeit
Casual blitz game,https://lichess.org/UO2wTrsi,2024.08.03,longarik,peterchero,1-0,1500,1415,D20,,Time forfeit
Casual bullet game,https://lichess.org/lM0wvzye,2024.08.17,peterchero,Japan0708,1-0,1400,1302,D02,,Normal
Casual bullet game,https://lichess.org/Na3XkzYe,2024.08.10,peterchero,Salva1976,1-0,1400,1340,D02,,Normal
Casual blitz game,https://lichess.org/XSCCi1lo,2024.08.06,peterchero,DerHund,1-0,1415,1432,A40,,Normal
Casual blitz game,https://lichess.org/DPIdm6Dk,2024.08.06,peterchero,Jazzfanatic,1-0,1415,1375,A43,,Time forfeit
Casual blitz game,https://lichess.org/e09UN76C,2024.08.05,peterchero,ZUV_1969,1-0,1415,1500,A43,,Normal
Casual UltraBullet game,https://lichess.org/JgxFF9Ej,2024.08.04,peterchero,snithik999,1-0,1500,1500,D02,,Time forfeit
Casual UltraBullet game,https://lichess.org/5XlEPigg,2024.08.04,peterchero,snithik999,1-0,1500,1500,D02,,Normal
Casual UltraBullet game,https://lichess.org/cDSFkEup,2024.08.04,peterchero,snithik999,0-1,1500,1500,B01,,Time forfeit
Casual UltraBullet game,https://lichess.org/3fE74dIq,2024.08.04,peterchero,snithik999,0-1,1500,1500,A06,,Time forfeit
Casual UltraBullet game,https://lichess.org/IkuRLOZY,2024.08.04,peterchero,snithik999,1-0,1500,1500,D02,,Time forfeit
Casual blitz game,https://lichess.org/K9AWEAce,2024.08.03,Taksh55555,peterchero,1-0,1332,1415,C24,,Normal
Casual bullet game,https://lichess.org/EhBzAr7j,2024.08.03,peterchero,Big-Falcon001,1-0,1400,1337,A46,,Time forfeit
Casual blitz game,https://lichess.org/alIXXUOg,2024.08.03,peterchero,Taksh55555,0-1,1415,1332,D02,,Normal
Casual rapid game,https://lichess.org/HUflPTIB,2024.08.02,peterchero,Schachmatt23,1-0,1507,1433,A40,,Normal
Casual bullet game,https://lichess.org/RSUtxgYl,2024.08.02,peterchero,nithishpsg,0-1,1400,1476,A43,,Normal
Casual UltraBullet game,https://lichess.org/1toF3JDs,2024.08.01,peterchero,Marco_Reus_bvb,1-0,1500,1500,D02,,Time forfeit
Casual blitz game,https://lichess.org/qa4GSNeT,2024.07.27,peterchero,sfrm31,0-1,1415,1424,D02,,Normal
Casual blitz game,https://lichess.org/reCsLelD,2024.07.25,peterchero,McDamaHR,1-0,1415,1374,A40,,Normal
Casual rapid game,https://lichess.org/uUXwUYyY,2024.07.22,peterchero,Ershov_Evgeny,1-0,1507,1511,C44,,Normal
Casual blitz game,https://lichess.org/TmqYy6kE,2024.07.22,peterchero,chavodelocho8,0-1,1415,1489,A40,,Time forfeit
Casual bullet game,https://lichess.org/9kCgclZn,2024.07.15,peterchero,Matelisto,1-0,1400,1340,A40,,Time forfeit
Casual rapid game,https://lichess.org/yWzi2qdP,2024.08.02,mashha,peterchero,1/2-1/2,1434,1507,C47,,Normal
Casual bullet game,https://lichess.org/DLJig347,2024.07.15,peterchero,Matelisto,1-0,1400,1340,A40,,Normal
Casual bullet game,https://lichess.org/7u6NAuOx,2024.07.15,peterchero,Matelisto,0-1,1400,1340,A40,,Time forfeit
Casual blitz game,https://lichess.org/dRgzPe27,2024.07.14,peterchero,simal60,0-1,1415,1330,A46,,Time forfeit
Casual rapid game,https://lichess.org/zdsmi602,2024.07.14,peterchero,BehroozBagheri,0-1,1507,1434,D02,,Normal
Casual rapid game,https://lichess.org/zMrCyIiO,2024.07.11,peterchero,KMustafa20,1-0,1507,1519,D00,,Normal
Casual blitz game,https://lichess.org/TL6yTRzE,2024.07.09,peterchero,askar102,1/2-1/2,1415,1500,D02,,Normal
Casual rapid game,https://lichess.org/fcLLijHf,2024.07.09,peterchero,i6ARE8,0-1,1507,1530,A49,,Normal
Casual classical game,https://lichess.org/a2EvUOw8,2024.07.03,peterchero,Leo_cutia,1-0,1500,1495,A45,,Time forfeit
Casual blitz game,https://lichess.org/MWXouv9s,2024.07.02,peterchero,PicchioAle,1-0,1415,1412,A46,,Time forfeit
Casual blitz game,https://lichess.org/W4e9iXzI,2024.07.02,peterchero,MYMChessJames,0-1,1415,1605,A90,,Normal
Casual bullet game,https://lichess.org/KFCgrG1N,2024.08.02,nithishpsg,peterchero,1-0,1476,1400,C20,,Normal
Casual rapid game,https://lichess.org/F9Ektc3q,2024.07.02,peterchero,robpc,0-1,1507,1523,D02,,Normal
Casual rapid game,https://lichess.org/DMlR40IJ,2024.07.02,peterchero,shimwad,1-0,1507,1466,D02,,Normal
Casual blitz game,https://lichess.org/7nfduMn5,2024.07.02,peterchero,Zoopam,0-1,1415,1490,D02,,Normal
Casual blitz game,https://lichess.org/ppGi5xYt,2024.07.02,peterchero,Julia_11,1-0,1415,1500,A43,,Normal
Casual rapid game,https://lichess.org/zaJsDkAc,2024.07.02,peterchero,konyvbarat61,0-1,1507,1441,D02,,Normal
Casual rapid game,https://lichess.org/K6NKlwpR,2024.06.28,peterchero,GsmbitodeRey,0-1,1507,1500,A40,,Normal
Casual rapid game,https://lichess.org/pJWsO4Qm,2024.06.28,peterchero,LittleGigi,0-1,1507,1570,A40,,Normal
Casual blitz game,https://lichess.org/ZsUGL5Cs,2024.06.28,peterchero,Hai018K,1-0,1415,1500,D02,,Normal
Casual blitz game,https://lichess.org/l1aApx40,2024.06.28,peterchero,kumunu51,0-1,1415,1500,D02,,Time forfeit
Casual rapid game,https://lichess.org/pe12N2Dm,2024.06.28,peterchero,Golgeldi61,1-0,1507,1500,A40,,Normal
Casual blitz game,https://lichess.org/qjQerlX7,2024.08.02,cambavision,peterchero,1-0,1757,1415,C42,,Normal
Casual blitz game,https://lichess.org/cOLNB2pm,2024.06.28,peterchero,schlingi,1-0,1415,1481,D02,,Normal
Casual blitz game,https://lichess.org/y3oCjr9h,2024.06.22,peterchero,TheFrancophone,0-1,1415,1355,D02,,Normal
Casual blitz game,https://lichess.org/hNauIFmD,2024.06.17,peterchero,verish_pl,0-1,1415,1347,A49,,Normal
Casual bullet game,https://lichess.org/MkYDKhXJ,2024.06.16,peterchero,javiu,0-1,1400,1561,A80,,Normal
Casual bullet game,https://lichess.org/nzjeun1k,2024.06.16,peterchero,KingOfSeduction85,0-1,1400,1578,D02,,Normal
Casual bullet game,https://lichess.org/Nj55tHFd,2024.06.16,peterchero,KingOfSeduction85,0-1,1400,1578,D02,,Normal
Casual bullet game,https://lichess.org/q0apzGkj,2024.06.16,peterchero,ItsAllVeryFake,1-0,1400,1442,D02,,Time forfeit
Casual rapid game,https://lichess.org/SBXD224s,2024.06.14,peterchero,li4nosTb,1-0,1507,1612,A41,,Normal
Rated rapid game,https://lichess.org/ezUCarp3,2024.06.08,peterchero,Otdelnyj,0-1,1475,1508,D02,,Normal
Rated rapid game,https://lichess.org/zpQWKfW9,2024.06.08,peterchero,Golbou,1-0,1489,1349,A40,,Normal
Casual rapid game,https://lichess.org/LoAzdgVv,2024.08.02,PawnCollective74,peterchero,1-0,1500,1507,C26,,Normal
Rated rapid game,https://lichess.org/d6vQUpCU,2024.06.08,peterchero,Massyl_ryuma,0-1,1546,1576,A40,,Normal
Rated rapid game,https://lichess.org/WV2MnZ5l,2024.06.08,peterchero,T_M_Duran23,1-0,1484,1418,A40,,Normal
Casual blitz game,https://lichess.org/nmeK8vVw,2024.03.15,peterchero,Fridolin248,1-0,1415,1586,D02,,Normal
Casual rapid game,https://lichess.org/jjDUKjPe,2024.03.13,peterchero,wkiper,1-0,1484,1650,D02,,Normal
Casual classical game,https://lichess.org/QIx7rrhd,2024.03.13,peterchero,bacia2015,1-0,1500,1547,D02,,Normal
Casual blitz game,https://lichess.org/zLBm2XGD,2024.03.12,peterchero,K517,1-0,1415,1848,A40,,Normal
Casual blitz game,https://lichess.org/KzTcMrxk,2024.03.11,peterchero,I_SummerSun,0-1,1415,1664,D02,,Normal
Casual rapid game,https://lichess.org/oHbmtdyM,2024.03.11,peterchero,Moustafa1996,1-0,1484,1530,A40,,Normal
Casual blitz game,https://lichess.org/oM21oKfo,2024.03.11,peterchero,efth_ant,1-0,1415,1493,A49,,Normal
Casual blitz game,https://lichess.org/PNeOHvv0,2024.02.28,peterchero,Jan-Filip,1-0,1415,1581,A40,,Normal
Casual blitz game,https://lichess.org/3OVknGCz,2024.07.27,sfrm31,peterchero,0-1,1424,1415,C42,,Normal
Rated correspondence game,https://lichess.org/dAswsf4i,2024.02.25,peterchero,keethrax,0-1,1500,1865,D00,,Time forfeit
Casual blitz game,https://lichess.org/55PGJDCX,2024.02.25,peterchero,dinglirenfans,1-0,1415,1500,D02,,Time forfeit
Casual classical game,https://lichess.org/osiRaF9r,2024.02.23,peterchero,EDIPOLO,1-0,1500,1574,D02,,Normal
Casual rapid game,https://lichess.org/TyfMplCu,2024.02.19,peterchero,Nxri,1-0,1504,1796,A46,,Normal
Casual rapid game,https://lichess.org/G7aET1pn,2024.02.15,peterchero,OSYA721,1-0,1504,1956,A08,,Normal
Casual bullet game,https://lichess.org/8Q3u1auT,2024.02.15,peterchero,Deathwatch2432,0-1,1400,1761,D02,,Time forfeit
Rated bullet game,https://lichess.org/1RvPNbcL,2024.02.08,peterchero,serhii_sydoriuk,0-1,1412,1404,D02,,Time forfeit
Rated blitz game,https://lichess.org/uKfyq7TD,2024.02.08,peterchero,yoooooooooooooooooo,0-1,1429,1372,A40,,Normal
Rated blitz game,https://lichess.org/7GtfvHWS,2024.02.08,peterchero,DavSar,0-1,1436,1427,E17,,Time forfeit
Rated blitz game,https://lichess.org/IDFErbII,2024.02.07,peterchero,ivan_ilnytskyi,1-0,1428,1437,A41,,Time forfeit
Rated blitz game,https://lichess.org/R3m9j6y6,2024.10.17,bodjajmustapha,peterchero,0-1,1407,1354,C23,,Normal
Casual rapid game,https://lichess.org/gO1ol9gG,2024.07.23,Viktor1937,peterchero,0-1,1432,1507,C50,,Time forfeit
Rated blitz game,https://lichess.org/hrGj4DfL,2024.02.07,peterchero,AjnShtAjn,1/2-1/2,1430,1337,C20,,Normal
Rated blitz game,https://lichess.org/in9eA0bW,2024.02.07,peterchero,vidmas,0-1,1428,1553,A40,,Normal
Rated bullet game,https://lichess.org/HBDqDy6M,2024.02.07,peterchero,lhazapatista,1-0,1400,1449,D02,,Time forfeit
Rated bullet game,https://lichess.org/OZdJ73mw,2024.02.07,peterchero,Gipc_2606,1/2-1/2,1405,1376,A40,,Time forfeit
Rated blitz game,https://lichess.org/gKvwHPNC,2024.02.07,peterchero,thejewishgambit,1-0,1412,1418,A41,,Normal
Casual bullet game,https://lichess.org/XMEbSGGl,2024.02.07,peterchero,kaimauer,1-0,1405,1430,D02,,Time forfeit
Casual rapid game,https://lichess.org/ehtNzrw9,2024.02.06,peterchero,Abdurrahman047,0-1,1504,1526,D02,,Time forfeit
Casual blitz game,https://lichess.org/hCjqWmaC,2024.02.06,peterchero,treakyy1,1-0,1404,1452,D02,,Normal
Casual blitz game,https://lichess.org/dEkJB1Ai,2024.02.06,peterchero,treakyy1,1-0,1404,1452,A08,,Normal
Casual blitz game,https://lichess.org/R2AEg0u0,2024.02.06,peterchero,treakyy1,1-0,1404,1452,D02,,Normal
Casual blitz game,https://lichess.org/nwBkAvUb,2024.07.22,chavodelocho8,peterchero,1-0,1489,1415,C40,,Normal
Casual blitz game,https://lichess.org/kdo5ReVs,2024.02.06,peterchero,Whisp_FF,1-0,1404,1459,A43,,Normal
Casual correspondence game,https://lichess.org/tj964TFe,2024.02.06,peterchero,zoro3915,1-0,1500,1500,B00,,Time forfeit
Rated bullet game,https://lichess.org/fcVNV4Vy,2024.02.06,peterchero,JOSHINGT0N,1-0,1398,1485,B10,,Time forfeit
Rated bullet game,https://lichess.org/VwdoMgjI,2024.02.06,peterchero,SEEKJESUS,1-0,1386,1397,A40,,Normal
Rated bullet game,https://lichess.org/x4imXa5U,2024.02.05,peterchero,Digol,1-0,1384,1470,B06,,Time forfeit
Rated bullet game,https://lichess.org/n3S0DFZj,2024.02.05,peterchero,TielloIsBlack,1-0,1385,1354,A08,,Time forfeit
Rated blitz game,https://lichess.org/V9AUeknc,2024.02.04,peterchero,myavuz95,1-0,1389,1407,D02,,Normal
Rated bullet game,https://lichess.org/bNkluyPz,2024.02.03,peterchero,Mounaym,1-0,1380,1362,D02,,Normal
Rated blitz game,https://lichess.org/NZ0TVzeK,2024.02.03,peterchero,trashram,1-0,1363,1364,A40,,Normal
Rated blitz game,https://lichess.org/piQ3GeWP,2024.02.03,peterchero,Rogervzla,0-1,1371,1414,D02,,Normal
Casual blitz game,https://lichess.org/sWMcmAAe,2024.07.22,Hanhu,peterchero,0-1,1356,1415,C46,,Time forfeit
Rated blitz game,https://lichess.org/BBMQrdxT,2024.02.03,peterchero,pablozuniga,1-0,1362,1355,D02,,Normal
Rated blitz game,https://lichess.org/gc83TgwZ,2024.02.02,peterchero,Schmidddi,1-0,1343,1340,A40,,Normal
Rated blitz game,https://lichess.org/dBRn9I1S,2024.02.02,peterchero,rustam_1981,0-1,1363,1402,D02,,Normal
Rated blitz game,https://lichess.org/CEKCYWLq,2024.02.02,peterchero,Marcz13,0-1,1373,1400,A08,,Time forfeit
Rated blitz game,https://lichess.org/qsK6Njba,2024.02.02,peterchero,taarkik,1-0,1349,1399,A46,,Time forfeit
Rated bullet game,https://lichess.org/PF8mZZnE,2024.02.01,peterchero,zhenyashkin,1-0,1373,1394,D02,,Normal
Rated bullet game,https://lichess.org/6H97pjPZ,2024.01.31,peterchero,taerets,1-0,1367,1392,D02,,Time forfeit
Rated bullet game,https://lichess.org/sQdbFNAg,2024.01.31,peterchero,frengo85,1-0,1359,1450,A00,,Time forfeit
Rated bullet game,https://lichess.org/aIXVf70R,2024.01.31,peterchero,dboschm,0-1,1364,1448,A40,,Normal
Rated bullet game,https://lichess.org/afH7EYoG,2024.01.30,peterchero,Kubi93,1-0,1358,1390,D02,,Time forfeit
Casual blitz game,https://lichess.org/L2HlfSKR,2024.07.22,Father_Dougal,peterchero,1/2-1/2,1814,1415,A02,,Normal
Rated bullet game,https://lichess.org/ekGdFWMt,2024.01.30,peterchero,poor_billy,1-0,1352,1340,A08,,Time forfeit
Rated bullet game,https://lichess.org/qNLgHWzC,2024.01.30,peterchero,alextal,1-0,1347,1369,A46,,Normal
Rated bullet game,https://lichess.org/wga1IwH3,2024.01.30,peterchero,mohitmkk,1-0,1341,1312,D02,,Time forfeit
Rated bullet game,https://lichess.org/WrrbU9Wv,2024.01.30,peterchero,pleamar,0-1,1347,1343,D02,,Normal
Rated bullet game,https://lichess.org/YZLTGD9B,2024.01.29,peterchero,Dimasio2012,1-0,1336,1323,D02,,Time forfeit
Rated bullet game,https://lichess.org/U565OPXJ,2024.01.29,peterchero,pete24,1-0,1338,1272,A80,,Time forfeit
Rated bullet game,https://lichess.org/oNGEBQdT,2024.01.28,peterchero,hydroelectric,1-0,1344,1296,D02,,Time forfeit
Rated bullet game,https://lichess.org/0GXDVUsc,2024.01.28,peterchero,Pauldwetzel,1-0,1336,1371,B30,,Time forfeit
Rated bullet game,https://lichess.org/KhqsQ6fO,2024.01.28,peterchero,bavaria1,1-0,1324,1278,D02,,Normal
Rated bullet game,https://lichess.org/ddC4QZsR,2024.01.28,peterchero,DaGrusl,1/2-1/2,1333,1329,B10,,Time forfeit
Casual bullet game,https://lichess.org/E0CiuWNY,2024.07.15,Matelisto,peterchero,1-0,1340,1400,A01,,Normal
Rated bullet game,https://lichess.org/A9IScKOO,2024.01.28,peterchero,Bispochess,1-0,1324,1334,C00,,Time forfeit
Rated bullet game,https://lichess.org/mXjDekB5,2024.01.27,peterchero,karpik08,1-0,1309,1276,B10,,Time forfeit
Rated bullet game,https://lichess.org/cKX4OJWZ,2024.01.27,peterchero,ganda1903,0-1,1317,1310,D02,,Time forfeit
Rated bullet game,https://lichess.org/0APgXLGC,2024.01.26,peterchero,Wacffei,0-1,1317,1298,A04,,Time forfeit
Rated blitz game,https://lichess.org/0htk6VVv,2024.01.24,peterchero,Stahelsky,1-0,1271,1351,A46,,Normal
Rated blitz game,https://lichess.org/QpHZ9qRx,2024.01.24,peterchero,eduardomdg,0-1,1284,1276,A40,,Normal
Rated blitz game,https://lichess.org/pVkeHud3,2024.01.22,peterchero,wg0906,1-0,1254,1328,D02,,Normal
Rated blitz game,https://lichess.org/aGEF9ovg,2024.01.21,peterchero,Tabornero,0-1,1255,1225,D02,,Time forfeit
Rated blitz game,https://lichess.org/GiuMrthH,2024.01.21,peterchero,whysofast111,0-1,1259,1297,A40,,Normal
Rated blitz game,https://lichess.org/qoe5Gq3n,2024.01.21,peterchero,Ademmlk,0-1,1291,1315,D02,,Normal
Casual bullet game,https://lichess.org/FrFt5tag,2024.07.15,Matelisto,peterchero,1-0,1340,1400,A01,,Normal
Rated bullet game,https://lichess.org/iI7GE2yC,2024.01.20,peterchero,KuyPs68,1-0,1282,1356,D02,,Normal
Rated bullet game,https://lichess.org/YCLmr84m,2024.01.20,peterchero,Seixas_38,1-0,1266,1241,D02,,Time forfeit
Rated bullet game,https://lichess.org/H6akiJzL,2024.01.20,peterchero,hotchicken222,0-1,1273,1367,C44,,Time forfeit
Rated bullet game,https://lichess.org/FGeHxRBo,2024.01.20,peterchero,reckless_monk,1-0,1272,1300,A40,,Time forfeit
Rated bullet game,https://lichess.org/GUfiVk1p,2024.01.19,peterchero,jayantilal12may,1-0,1273,1319,A40,,Normal
Rated bullet game,https://lichess.org/Fv44ccgq,2024.01.19,peterchero,dcmacster,0-1,1284,1259,A49,,Time forfeit
Rated bullet game,https://lichess.org/F3anqC9I,2024.01.19,peterchero,Edrixtj,1-0,1271,1323,C44,,Time forfeit
Rated bullet game,https://lichess.org/19oqFLOl,2024.01.19,peterchero,Arpann,0-1,1268,1258,D02,,Normal
Rated blitz game,https://lichess.org/4t4tTDy5,2024.01.16,peterchero,StoneyBoney,0-1,1273,1283,A40,,Time forfeit
Rated blitz game,https://lichess.org/B559bS5t,2024.01.16,peterchero,pynut1980,1-0,1254,1239,A40,,Normal
Casual blitz game,https://lichess.org/ANpaXxmN,2024.07.14,simal60,peterchero,1-0,1330,1415,C44,,Normal
Rated blitz game,https://lichess.org/NQOl1bWY,2024.01.16,peterchero,Smurfianchetto,1/2-1/2,1250,1309,A40,,Normal
Rated blitz game,https://lichess.org/1Ye5uaub,2024.01.16,peterchero,Thorsdonder,0-1,1247,1272,B10,,Time forfeit
Rated bullet game,https://lichess.org/izHkOWKX,2024.01.16,peterchero,kblitz_11,1-0,1267,1291,A45,,Normal
Rated bullet game,https://lichess.org/B79oW1Bl,2024.01.14,peterchero,iyetorre,1-0,1223,1161,C41,,Time forfeit
Rated bullet game,https://lichess.org/3CsUvtRA,2024.01.11,peterchero,Ahmedelmorsy00,1-0,1222,1253,B00,,Normal
Rated bullet game,https://lichess.org/akugGsLg,2024.01.11,peterchero,ismael_mmx,0-1,1266,1260,A80,,Normal
Rated bullet game,https://lichess.org/xjjFK8c5,2024.01.11,peterchero,freidoon-mohammadnia,0-1,1266,1251,A46,,Time forfeit
Rated bullet game,https://lichess.org/wfqla6Ql,2024.01.11,peterchero,Sushmita_chess,1-0,1272,1237,A40,,Normal
Rated bullet game,https://lichess.org/n3rE7FND,2024.01.10,peterchero,TheMallardKing,1-0,1236,1204,D02,,Time forfeit
Rated bullet game,https://lichess.org/ACX4KOwz,2024.01.10,peterchero,Rinik,1-0,1235,1235,A80,,Time forfeit
Casual rapid game,https://lichess.org/6oKMjkUL,2024.07.12,berg-berg,peterchero,0-1,1498,1507,C20,,Normal
Rated bullet game,https://lichess.org/OoNrjmJh,2024.01.10,peterchero,cypa,1-0,1209,1281,A80,,Time forfeit
Rated bullet game,https://lichess.org/E2hYrneC,2024.01.10,peterchero,hassan_ali_gamer,0-1,1233,1240,A40,,Time forfeit
Rated bullet game,https://lichess.org/J6GeIzaO,2024.01.10,peterchero,PieceGroper,0-1,1238,1240,D02,,Time forfeit
Rated bullet game,https://lichess.org/uVVmfe2Y,2024.01.10,peterchero,Schneid09,1-0,1228,1279,B06,,Time forfeit
Rated blitz game,https://lichess.org/AjnOIOfm,2023.12.24,peterchero,RADAY13,1-0,1224,1236,D02,,Normal
Rated blitz game,https://lichess.org/1QQHhqM0,2023.12.24,peterchero,aynuraynur,0-1,1248,1271,C20,,Time forfeit
Rated blitz game,https://lichess.org/07edZL9u,2023.12.24,peterchero,Molyneux65,1-0,1219,1215,A40,,Normal
Casual blitz game,https://lichess.org/ZXpevKZk,2023.11.20,peterchero,Anthony133,1-0,1232,1149,D02,,Normal
Casual blitz game,https://lichess.org/91GHCwlC,2023.11.17,peterchero,rnddlr,1-0,1232,1412,D02,,Normal
Casual rapid game,https://lichess.org/aZpwLmoL,2023.11.15,peterchero,Fil60,1-0,1504,1488,D02,,Normal
Casual blitz game,https://lichess.org/gbRPE2RV,2024.07.11,alwaysretweet,peterchero,1-0,1464,1415,C24,,Time forfeit
Casual bullet game,https://lichess.org/L3NC9pRW,2023.11.15,peterchero,Rooster131,0-1,1228,1246,B10,,Normal
Casual rapid game,https://lichess.org/GvQkPd8T,2023.11.10,peterchero,Luka_Shmatko,1-0,1504,1532,D02,,Normal
Casual rapid game,https://lichess.org/8TXuzTUC,2023.11.10,peterchero,hamed-geravand,0-1,1504,1500,D00,,Normal
Casual rapid game,https://lichess.org/79v6Kxim,2023.10.27,peterchero,Chichku,1/2-1/2,1504,1458,D00,,Normal
Casual blitz game,https://lichess.org/5TTKsrfk,2023.10.25,peterchero,AlfaVOlK,1-0,1232,1164,A40,,Normal
Casual blitz game,https://lichess.org/BWP0I5W8,2023.10.25,peterchero,Fermin2000,1-0,1232,1298,D02,,Normal
Casual blitz game,https://lichess.org/c9GbUath,2023.10.25,peterchero,Kumba2002,0-1,1232,1255,B00,,Time forfeit
Casual blitz game,https://lichess.org/7E0PeABQ,2023.10.09,peterchero,bobbycrusher,0-1,1232,1617,D02,,Normal
Casual blitz game,https://lichess.org/CrJza7dt,2023.10.09,peterchero,bobbycrusher,1-0,1232,1617,A03,,Normal
Casual blitz game,https://lichess.org/G1IrUwdj,2023.10.09,peterchero,bobbycrusher,0-1,1232,1617,A46,,Normal
Casual blitz game,https://lichess.org/lbDrXocJ,2024.07.09,askar102,peterchero,1-0,1500,1415,C46,,Normal
Rated blitz game,https://lichess.org/hyi8Tts6,2023.07.04,peterchero,Oguzhanylmzz,1-0,1208,1160,D02,,Time forfeit
Rated bullet game,https://lichess.org/vkFwjYXa,2023.05.29,peterchero,LumaMartins,0-1,1226,1291,A48,,Time forfeit
Rated bullet game,https://lichess.org/SKa6qSOq,2023.05.29,peterchero,AWahid,1-0,1210,1189,D02,,Time forfeit
Rated bullet game,https://lichess.org/D2NR2S0b,2023.05.29,peterchero,TRJTUSA,0-1,1208,1253,A40,,Normal
Rated bullet game,https://lichess.org/7CaMyT34,2023.05.29,peterchero,dea66,1-0,1198,1282,C40,,Time forfeit
Rated bullet game,https://lichess.org/thiQ2ChM,2023.05.29,peterchero,MichaelJakson25,0-1,1207,1190,A46,,Time forfeit
Rated bullet game,https://lichess.org/Ra4zjuPv,2023.05.29,peterchero,Josue1211,1-0,1187,1215,A46,,Time forfeit
Rated blitz game,https://lichess.org/A0uhfCMn,2023.05.29,peterchero,bruttchess,0-1,1230,1150,D02,,Normal
Rated blitz game,https://lichess.org/t9SVOlOF,2023.05.28,peterchero,Snarf_BR,1-0,1212,1197,C50,,Normal
Rated blitz game,https://lichess.org/yzWaELOO,2023.05.28,peterchero,ANGELNAIPI,1-0,1205,1111,D02,,Time forfeit
Rated blitz game,https://lichess.org/SreT8hVb,2024.10.17,bodjajmustapha,peterchero,1-0,1397,1391,C40,,Normal
Casual blitz game,https://lichess.org/DGvpjF4V,2024.07.02,Alanqg08,peterchero,1/2-1/2,1397,1415,D07,,Normal
Rated blitz game,https://lichess.org/0eFF9LvP,2023.05.26,peterchero,cheesser061,1-0,1171,1235,C46,,Normal
Rated bullet game,https://lichess.org/ProIFce9,2023.05.07,peterchero,Foplo33c,0-1,1206,1263,C00,,Time forfeit
Rated bullet game,https://lichess.org/xh0tgXqE,2023.05.05,peterchero,Amaringrole,1-0,1206,1189,D01,,Time forfeit
Rated bullet game,https://lichess.org/sTPwlDes,2023.05.05,peterchero,charlesedwardcheese,0-1,1214,1162,A04,,Time forfeit
Rated bullet game,https://lichess.org/TiveCstq,2023.05.05,peterchero,Amaringrole,0-1,1221,1190,C46,,Normal
Rated bullet game,https://lichess.org/tjd2M0K3,2023.04.28,peterchero,stopseb,1-0,1223,1213,A40,,Time forfeit
Rated rapid game,https://lichess.org/qqWNbeCP,2023.04.27,peterchero,sitasree,1-0,1459,1477,A40,,Normal
Casual bullet game,https://lichess.org/sBdeHeJ8,2023.04.26,peterchero,jgarciber,0-1,1217,1644,D02,,Time forfeit
Casual rapid game,https://lichess.org/ILXjjf9f,2023.04.24,peterchero,DmitryM73,1-0,1502,1399,D02,,Normal
Rated bullet game,https://lichess.org/KhA66Q3v,2023.04.24,peterchero,ToinDoido,1-0,1203,1204,A40,,Time forfeit
Casual bullet game,https://lichess.org/KxA0tgdi,2024.07.02,Abelk4,peterchero,0-1,1319,1400,A01,,Time forfeit
Rated bullet game,https://lichess.org/7u7lUej3,2023.04.24,peterchero,salinasalejandro16,0-1,1216,1213,A00,,Normal
Rated bullet game,https://lichess.org/K2TRgd46,2023.04.24,peterchero,Zekv,1-0,1207,1246,D02,,Normal
Rated bullet game,https://lichess.org/6aO4EvZ3,2023.04.24,peterchero,TheNabbitQueen,0-1,1220,1293,A04,,Time forfeit
Rated bullet game,https://lichess.org/JfsLLdB0,2023.04.24,peterchero,mazivic,0-1,1221,1254,B00,,Normal
Rated bullet game,https://lichess.org/RC5DBAsG,2023.04.24,peterchero,Boomerang1985,1-0,1221,1219,D02,,Time forfeit
Rated bullet game,https://lichess.org/V1HXrO34,2023.04.24,peterchero,pru_namikaze,1-0,1216,1132,A40,,Time forfeit
Rated bullet game,https://lichess.org/vbcJyqw1,2023.04.24,peterchero,cjaard,0-1,1231,1153,B12,,Time forfeit
Rated bullet game,https://lichess.org/4NdJXCMV,2023.04.23,peterchero,RDJMP,0-1,1231,1281,B02,,Time forfeit
Rated bullet game,https://lichess.org/EWVJdnWj,2023.04.23,peterchero,YooTTooY,0-1,1239,1241,B06,,Normal
Rated bullet game,https://lichess.org/VYqDi49L,2023.04.23,peterchero,vonHelster,1-0,1240,1123,A48,,Time forfeit
Casual blitz game,https://lichess.org/I9radvDV,2024.07.02,MYMChessJames,peterchero,1-0,1605,1415,C44,,Normal
Rated bullet game,https://lichess.org/HKGwUsdT,2023.04.23,peterchero,Sami2434,0-1,1259,1256,C00,,Time forfeit
Rated bullet game,https://lichess.org/OaEuL547,2023.04.23,peterchero,Kyavijyah,0-1,1269,1280,C46,,Normal
Rated bullet game,https://lichess.org/OfHCN6YB,2023.04.23,peterchero,jerenyL,0-1,1269,1226,C22,,Normal
Rated bullet game,https://lichess.org/oOfWHk5G,2023.04.23,peterchero,dian_ar,0-1,1280,1272,B01,,Normal
Rated bullet game,https://lichess.org/oSyAPAVi,2023.04.23,peterchero,SueJackson,0-1,1291,1312,B10,,Normal
Rated bullet game,https://lichess.org/vb7vu0gm,2023.04.23,peterchero,gardaheisle,1/2-1/2,1308,1203,D00,,Normal
Rated bullet game,https://lichess.org/AEFC8WR4,2023.04.23,peterchero,kornilov_anton,1-0,1299,1301,D02,,Normal
Rated bullet game,https://lichess.org/LHfV6q7s,2023.04.23,peterchero,Q-N,0-1,1299,1295,C01,,Time forfeit
Rated blitz game,https://lichess.org/MrMqgkSH,2023.04.23,peterchero,rpatel77,1-0,1166,1103,A40,,Normal
Rated blitz game,https://lichess.org/LRSsLM2F,2023.04.23,peterchero,Velosa01,1-0,1150,1160,A40,,Normal
Casual classical game,https://lichess.org/UdYvz9Ny,2024.07.02,nohandout1,peterchero,0-1,1500,1500,D00,,Normal
Rated blitz game,https://lichess.org/2f3az6ra,2023.04.23,peterchero,YellowBilledMagpie,1-0,1152,1099,D02,,Time forfeit
Rated blitz game,https://lichess.org/dAnTBUka,2023.04.23,peterchero,matiassebastian12,1-0,1145,1172,D02,,Time forfeit
Rated blitz game,https://lichess.org/505YhtTF,2023.04.22,peterchero,PubGoose,1/2-1/2,1145,1146,A45,,Normal
Rated blitz game,https://lichess.org/AowcgImZ,2023.04.22,peterchero,zergrushmishka,0-1,1152,1122,A40,,Normal
Rated blitz game,https://lichess.org/hqTmVtdZ,2023.04.22,peterchero,Diogenesse,0-1,1163,1077,D02,,Normal
Rated blitz game,https://lichess.org/JRtmGi7f,2023.04.22,peterchero,Danielsan415,1/2-1/2,1162,1180,D02,,Normal
Rated blitz game,https://lichess.org/Ffp19eNj,2023.04.22,peterchero,ParticularPorcupine,1/2-1/2,1162,1166,D02,,Normal
Rated blitz game,https://lichess.org/OTbtYgfw,2023.04.22,peterchero,VasilijeDjokovic,1-0,1148,1136,B10,,Normal
Rated blitz game,https://lichess.org/UCykIcAS,2023.04.22,peterchero,Mixa00013,1-0,1141,1092,D02,,Normal
Rated blitz game,https://lichess.org/SgD9Gzxk,2023.04.22,peterchero,Bur0nZu,1-0,1125,1123,A40,,Normal
Casual blitz game,https://lichess.org/wT5SieE7,2024.07.02,Zoopam,peterchero,0-1,1490,1415,E70,,Normal
Rated blitz game,https://lichess.org/z6R4YZNg,2023.04.22,peterchero,belottoalbuquerque,0-1,1147,1185,A48,,Normal
Rated blitz game,https://lichess.org/y3totD8D,2023.04.22,peterchero,R_o_n_i_n,1-0,1140,1079,D02,,Normal
Rated blitz game,https://lichess.org/5Bl155bt,2023.04.22,peterchero,Domovenok29,1-0,1137,1146,C40,,Time forfeit
Rated blitz game,https://lichess.org/4FAzq7gc,2023.04.22,peterchero,caterpillar1980,0-1,1156,1127,D02,,Normal
Rated blitz game,https://lichess.org/luiJkJj9,2023.04.22,peterchero,caterpillar1980,1/2-1/2,1168,1120,A40,,Normal
Rated blitz game,https://lichess.org/rkLBeGjA,2023.04.22,peterchero,caterpillar1980,1-0,1149,1131,A05,,Time forfeit
Rated blitz game,https://lichess.org/1R04Xdyd,2023.04.22,peterchero,Varavibrant,1-0,1138,1115,A41,,Time forfeit
Rated blitz game,https://lichess.org/UfsAoEst,2023.04.22,peterchero,J4nczi,0-1,1149,1214,B23,,Normal
Rated bullet game,https://lichess.org/25Thvjwv,2023.04.20,peterchero,EdsEdifice,1-0,1264,1284,A40,,Normal
Casual rapid game,https://lichess.org/efVx9eHt,2023.04.20,peterchero,dark0809,0-1,1502,1500,D10,,Normal
Casual bullet game,https://lichess.org/YZwEaEze,2024.07.02,svintus,peterchero,1-0,1107,1400,C50,,Normal
Rated bullet game,https://lichess.org/MtFXrgPv,2023.04.20,peterchero,alq_88,1-0,1262,1223,A43,,Normal
Rated bullet game,https://lichess.org/rSpsghv9,2023.04.20,peterchero,diegol10,0-1,1262,1343,B54,,Time forfeit
Rated bullet game,https://lichess.org/D3lhVMPZ,2023.04.18,peterchero,segiberberi,1-0,1263,1264,C20,,Time forfeit
Rated bullet game,https://lichess.org/rDlYjDUx,2023.04.18,peterchero,Pinguiculus,0-1,1319,1345,A40,,Normal
Casual rapid game,https://lichess.org/u5qEFqhQ,2023.04.14,peterchero,musapinj,0-1,1502,1500,A45,,Normal
Casual rapid game,https://lichess.org/mGK0ml1n,2023.04.14,peterchero,damgasper,1-0,1502,1304,A04,,Normal
Rated bullet game,https://lichess.org/8WbTqkyR,2023.04.08,peterchero,MAKATIBHOY2,1-0,1298,1274,A40,,Normal
Casual blitz game,https://lichess.org/tnXJpCV9,2023.04.03,peterchero,Retizek1,1-0,1149,1423,D05,,Normal
Casual UltraBullet game,https://lichess.org/FPv5eUjq,2023.04.03,peterchero,vishyanand7,1-0,1500,1500,A04,,Time forfeit
Casual blitz game,https://lichess.org/yTBlgt7M,2023.03.31,peterchero,IamChristian,0-1,1149,1311,B01,,Normal
Casual rapid game,https://lichess.org/pQH7yjxg,2024.06.29,Behradrezazadeh96,peterchero,0-1,1500,1507,B00,,Normal
Casual rapid game,https://lichess.org/tgbNRhrJ,2023.03.31,peterchero,TYMUR2208,0-1,1502,1388,A40,,Normal
Casual bullet game,https://lichess.org/VVBFVXQp,2023.03.31,peterchero,tobiiii,1-0,1324,1495,D02,,Normal
Casual rapid game,https://lichess.org/KkQRHgLM,2023.03.30,peterchero,Y-c5,1-0,1502,1500,A45,,Time forfeit
Rated blitz game,https://lichess.org/WWQXPp6h,2023.03.29,peterchero,davidgarciabagu,1/2-1/2,1152,1082,A40,,Normal
Rated bullet game,https://lichess.org/U5guaK2r,2023.03.29,peterchero,tamarindoazedo,1-0,1301,1275,D01,,Time forfeit
Rated blitz game,https://lichess.org/NY69iS3q,2023.03.28,peterchero,jbaniwas,1-0,1143,1150,A40,,Normal
Rated blitz game,https://lichess.org/WJATVmYn,2023.03.28,peterchero,TeacherNolan,1-0,1144,1088,D02,,Normal
Rated blitz game,https://lichess.org/aTmmgQb9,2023.03.26,peterchero,BOODY2120,1-0,1124,1020,D02,,Normal
Rated blitz game,https://lichess.org/H7GiaC1h,2023.03.26,peterchero,BOODY2120,1/2-1/2,1119,1022,D02,,Normal
Rated blitz game,https://lichess.org/eHsCGYCW,2023.03.25,peterchero,Hewshkasda,1-0,1101,962,A04,,Normal
Casual rapid game,https://lichess.org/ZE51zA9U,2024.06.28,lhui128,peterchero,1-0,1495,1507,C55,,Normal
Rated blitz game,https://lichess.org/TSIXGsld,2023.03.25,peterchero,A1Khalid,1-0,1106,949,D02,,Normal
Casual blitz game,https://lichess.org/AIpWDb8O,2023.03.25,peterchero,Mahmoudtaher,0-1,1104,1126,C00,,Normal
Casual blitz game,https://lichess.org/ssN5sDvp,2023.03.25,peterchero,ranadu,0-1,1104,1620,B54,,Normal
Rated bullet game,https://lichess.org/eqCaUV51,2023.03.24,peterchero,mandeephooda,1-0,1244,1263,C41,,Time forfeit
Rated bullet game,https://lichess.org/FkQLi0nL,2023.03.24,peterchero,NotManyIdeas,1/2-1/2,1290,1154,C41,,Normal
Rated blitz game,https://lichess.org/LkJz186v,2023.03.24,peterchero,bunuokuyaniyidir,0-1,1101,1195,C50,,Normal
Rated blitz game,https://lichess.org/Z45gcCUz,2023.03.24,peterchero,ldn67,1-0,1049,1113,D02,,Normal
Rated blitz game,https://lichess.org/BO4XBz8k,2023.03.24,peterchero,uzzel07,1-0,1052,1006,A06,,Normal
Rated blitz game,https://lichess.org/3Ma2nhaL,2023.03.24,peterchero,GaftonA,0-1,1070,1105,D02,,Normal
Casual bullet game,https://lichess.org/kmpNdXir,2023.03.18,peterchero,BingoBongo987,1-0,1290,1272,A04,,Normal
Casual bullet game,https://lichess.org/eGXaFMSo,2024.06.28,French-Canadian,peterchero,1-0,1500,1400,D02,,Time forfeit
Casual bullet game,https://lichess.org/Fjvf1hOv,2023.03.18,peterchero,BingoBongo987,1-0,1290,1272,A40,,Time forfeit
Rated rapid game,https://lichess.org/ujgI6Y7s,2023.03.18,peterchero,Antun61,0-1,1549,1566,A00,,Normal
Casual blitz game,https://lichess.org/HJX1MQw9,2023.03.15,peterchero,Senya10,0-1,1070,1414,A04,,Normal
Casual rapid game,https://lichess.org/GAEtfoGC,2023.03.15,peterchero,Bot_player1234,1-0,1549,1501,B06,,Normal
Casual blitz game,https://lichess.org/W99OdYYk,2023.03.03,peterchero,deividcosta,1-0,1070,1551,A41,,Time forfeit
Rated bullet game,https://lichess.org/Y6mngMym,2023.02.23,peterchero,Midohesham1994,1-0,1274,1352,D02,,Time forfeit
Rated blitz game,https://lichess.org/IHwQUtEt,2023.02.23,peterchero,ahmedassa,1-0,1043,979,A04,,Normal
Rated blitz game,https://lichess.org/YSyEH0jj,2023.02.23,peterchero,fibonacci66,0-1,1054,1159,A04,,Normal
Rated blitz game,https://lichess.org/aUkpZEqZ,2023.02.23,peterchero,MixaEl01071921,1-0,1051,1010,D02,,Normal
Casual blitz game,https://lichess.org/OESA4NFd,2023.01.30,peterchero,DerekTop777,0-1,1051,1062,A04,,Time forfeit
Casual rapid game,https://lichess.org/Ss5beZbx,2024.06.28,Wonderlerr,peterchero,0-1,1500,1507,C46,,Normal
Casual rapid game,https://lichess.org/EjsRSPcP,2023.01.30,peterchero,HishamGamal,0-1,1322,1589,A04,,Normal
Casual rapid game,https://lichess.org/VYW1HYL0,2023.01.30,peterchero,Tobiinator,1-0,1322,1203,D02,,Normal
Casual rapid game,https://lichess.org/w9jVKeyT,2023.01.27,peterchero,magnuscongminh,0-1,1322,904,A04,,Time forfeit
Casual rapid game,https://lichess.org/6vrEormI,2023.01.27,peterchero,jool,1/2-1/2,1322,1605,D00,,Normal
Casual rapid game,https://lichess.org/94hja8WB,2023.01.25,peterchero,anubhav2010,1/2-1/2,1322,1586,A40,,Normal
Casual rapid game,https://lichess.org/Jlshitjn,2023.01.25,peterchero,quot0,0-1,1322,1585,D02,,Time forfeit
Rated blitz game,https://lichess.org/IXpZKU8k,2023.01.25,peterchero,umtcnckn,1-0,1033,1042,A40,,Normal
Rated blitz game,https://lichess.org/7Q4LfGPl,2023.01.25,peterchero,onklchris,1-0,1038,994,D02,,Normal
Rated blitz game,https://lichess.org/ErysWQ5v,2023.01.25,peterchero,vjMagar,1-0,1042,933,A40,,Normal
Rated blitz game,https://lichess.org/N4gjRzCQ,2023.01.25,peterchero,Insecto35,0-1,1076,999,A04,,Time forfeit
Rated blitz game,https://lichess.org/aZYrdilo,2024.10.17,takestakestake,peterchero,1-0,1385,1439,C65,,Normal
Casual blitz game,https://lichess.org/oCBXvUAL,2024.06.22,karat2,peterchero,0-1,1912,1415,A27,,Normal
Rated blitz game,https://lichess.org/n7EIP7vU,2023.01.25,peterchero,Gaelopo,1-0,1085,945,A04,,Normal
Rated blitz game,https://lichess.org/j3Bj5UcV,2023.01.25,peterchero,dilya_m,1-0,1100,1091,D02,,Normal
Casual bullet game,https://lichess.org/WjkKWrf4,2023.01.25,peterchero,malapaka,1-0,1274,1530,A04,,Normal
Casual rapid game,https://lichess.org/FTdZVUMy,2023.01.25,peterchero,bertazzoo,0-1,1322,1500,A04,,Normal
Casual blitz game,https://lichess.org/qVX1KOma,2023.01.25,peterchero,cjm3,0-1,1100,1102,D02,,Normal
Casual blitz game,https://lichess.org/hl1m1AHd,2023.01.24,peterchero,WOLF_ALBERTO,1-0,1100,1217,A40,,Normal
Casual rapid game,https://lichess.org/nkofYztg,2023.01.24,peterchero,Valencia636,0-1,1322,1556,A04,,Time forfeit
Casual blitz game,https://lichess.org/U7wRJbFh,2023.01.24,peterchero,Alibaburr,1-0,1100,1144,A04,,Normal
Casual rapid game,https://lichess.org/UxTZYTxG,2023.01.24,peterchero,Ronarm312,1-0,1322,1201,A04,,Normal
Casual rapid game,https://lichess.org/vcTnY7Ok,2023.01.24,peterchero,armagan_2013,1-0,1322,1090,D02,,Time forfeit
Casual blitz game,https://lichess.org/jMopLUrg,2024.06.22,Zoopam,peterchero,1-0,1470,1415,A40,,Normal
Casual blitz game,https://lichess.org/wBh31eoK,2023.01.23,peterchero,radis1980,1-0,1100,1048,A03,,Normal
Casual rapid game,https://lichess.org/uluqQFP0,2023.01.20,peterchero,agp3,0-1,1322,1348,A04,,Time forfeit
Casual rapid game,https://lichess.org/LSV7XwtG,2023.01.20,peterchero,someoneisdivakar,1-0,1322,1035,B06,,Normal
Casual rapid game,https://lichess.org/RKu298q9,2023.01.20,peterchero,varavaika,0-1,1322,1011,A04,,Normal
Casual rapid game,https://lichess.org/ytMgcE50,2023.01.19,peterchero,aapoo,1-0,1322,1061,D02,,Normal
Casual classical game,https://lichess.org/h56XqRlJ,2023.01.19,peterchero,eggbutnobacon,0-1,1500,1244,A04,,Normal
Rated blitz game,https://lichess.org/qS3AlDJc,2023.01.18,peterchero,guillermoso,0-1,1136,1136,A07,,Time forfeit
Rated bullet game,https://lichess.org/zeURit6x,2023.01.18,peterchero,Ced724,0-1,1306,1300,C50,,Normal
Casual rapid game,https://lichess.org/chzuF3o1,2023.01.18,peterchero,williamhany593,1-0,1322,1194,A04,,Normal
Rated blitz game,https://lichess.org/ExP9vBS3,2023.01.04,peterchero,scaccomattooooo,1-0,1075,969,C30,,Normal
Casual blitz game,https://lichess.org/tZNBdcm5,2024.06.22,PuGgLeS,peterchero,1-0,1571,1415,C34,,Normal
Casual blitz game,https://lichess.org/c1JNCvw5,2022.12.29,peterchero,gtpraveenkumarhp,0-1,1075,1393,B23,,Normal
Casual bullet game,https://lichess.org/z6VUr27o,2022.12.29,peterchero,DESIGNER60,0-1,1306,1306,B01,,Normal
Casual blitz game,https://lichess.org/JxhZLf2v,2022.12.29,peterchero,apcule,0-1,1075,1107,B88,,Normal
Casual bullet game,https://lichess.org/pzHSPVkc,2022.12.29,peterchero,sexygirl17f,0-1,1306,1446,C23,,Normal
Casual blitz game,https://lichess.org/5tihoiv6,2022.12.29,peterchero,gunn9197,1-0,1075,1035,C34,,Normal
Casual blitz game,https://lichess.org/CSVKgZY9,2022.12.29,peterchero,rockens,1-0,1075,1396,A04,,Time forfeit
Casual rapid game,https://lichess.org/mWZzCJo9,2022.12.16,peterchero,GoGoJa,0-1,1322,1393,A04,,Normal
Casual blitz game,https://lichess.org/7Tij4elY,2022.12.16,peterchero,Miha23,0-1,1075,1410,A46,,Time forfeit
Casual blitz game,https://lichess.org/W608ssHx,2022.12.09,peterchero,iq7o9,1-0,1075,1245,D02,,Normal
Casual blitz game,https://lichess.org/MnQWzkZw,2022.12.09,peterchero,nilu2108,1-0,1075,1211,A04,,Normal
Casual rapid game,https://lichess.org/5jJV5aWj,2024.06.17,HongT221,peterchero,0-1,1394,1507,D00,,Normal
Casual blitz game,https://lichess.org/8TZu6UIm,2022.12.07,peterchero,Tigr_King,1-0,1075,1205,D02,,Normal
Casual bullet game,https://lichess.org/chHktkaj,2022.12.07,peterchero,yeebey,0-1,1306,973,A40,,Normal
Casual classical game,https://lichess.org/9wqYeVsI,2022.12.07,peterchero,baqeri2008,0-1,1500,1457,A04,,Time forfeit
Casual classical game,https://lichess.org/DSPBazup,2022.12.02,peterchero,creek1,0-1,1500,1420,A06,,Time forfeit
Casual bullet game,https://lichess.org/QAl83954,2022.12.02,peterchero,luigi_el_peon,1/2-1/2,1306,1111,D02,,Normal
Casual blitz game,https://lichess.org/xZtqcXWf,2022.12.02,peterchero,jt07,1-0,1075,1044,A04,,Time forfeit
Casual blitz game,https://lichess.org/MUkDR8gw,2022.12.02,peterchero,MiniCapi700,1-0,1075,922,A07,,Normal
Casual bullet game,https://lichess.org/NId2kZHm,2022.12.02,peterchero,Javgonru,1-0,1306,1348,A48,,Normal
Casual bullet game,https://lichess.org/9GZhfLco,2022.12.02,peterchero,ShirtGambit,0-1,1306,1142,A49,,Time forfeit
Casual bullet game,https://lichess.org/eGHQSWm8,2022.12.02,peterchero,ShirtGambit,0-1,1306,1142,D02,,Time forfeit
Casual rapid game,https://lichess.org/np8JYCiS,2024.06.17,rummy1,peterchero,0-1,1500,1507,C20,,Normal
Casual bullet game,https://lichess.org/uEUDTSxo,2022.12.01,peterchero,haltzero,0-1,1306,1005,A40,,Normal
Rated bullet game,https://lichess.org/7xpWB8Xk,2022.11.30,peterchero,avengenator,1-0,1282,1231,A04,,Normal
Rated bullet game,https://lichess.org/ml5QVJcL,2022.11.30,peterchero,menopimezzo,0-1,1313,1308,D02,,Normal
Rated bullet game,https://lichess.org/Fr6aSchT,2022.11.21,peterchero,Medape99,1-0,1282,1275,D02,,Normal
Rated blitz game,https://lichess.org/zhQLjKhh,2022.10.19,peterchero,anuj_talwar1,0-1,1148,1155,D02,,Time forfeit
Rated bullet game,https://lichess.org/QoF7LHLm,2022.10.19,peterchero,Nachtgold,0-1,1311,1325,D02,,Normal
Rated bullet game,https://lichess.org/Is0kloaV,2022.10.18,peterchero,Yaritori,1-0,1235,1235,B23,,Normal
Rated rapid game,https://lichess.org/2sd3fbVM,2022.10.17,peterchero,rockyj,0-1,1500,1219,A46,,Normal
Rated bullet game,https://lichess.org/6qjCaibA,2022.10.16,peterchero,capturologist,0-1,1256,1259,B30,,Time forfeit
Casual blitz game,https://lichess.org/kvkTMLTl,2022.10.14,peterchero,Solokow,0-1,1148,1131,D02,,Time forfeit
Casual blitz game,https://lichess.org/oMiWbOC1,2024.06.17,deathereward,peterchero,1-0,1848,1415,C50,,Normal
Casual blitz game,https://lichess.org/2GN70sX6,2022.10.14,peterchero,carouselman,0-1,1148,1204,A04,,Normal
Casual bullet game,https://lichess.org/z5ItM9uw,2022.10.12,peterchero,Salva1976,1/2-1/2,1256,1148,D02,,Normal
Casual blitz game,https://lichess.org/mS5wnG2d,2022.02.28,peterchero,Rayhan073,1-0,1148,907,D02,,Normal
Casual blitz game,https://lichess.org/AqmLSpVN,2022.02.23,peterchero,carvalhoian,1-0,1148,1275,C30,,Normal
Casual rapid game,https://lichess.org/8NIuxQ3s,2022.02.23,peterchero,ivanmp3,0-1,1500,1805,B08,,Normal
Casual blitz game,https://lichess.org/XqFHx2vb,2022.02.23,peterchero,joewie919,1-0,1148,1156,A40,,Normal
Casual rapid game,https://lichess.org/UnUi481j,2022.02.23,peterchero,ilkerxx,0-1,1500,1500,D02,,Normal
Casual rapid game,https://lichess.org/26uM4tFH,2022.02.22,peterchero,rudolph_botes,0-1,1500,1759,D02,,Normal
Casual rapid game,https://lichess.org/iNOCMGdp,2022.02.21,peterchero,Jalicha,0-1,1500,1622,D02,,Time forfeit
Casual classical game,https://lichess.org/1R6fjPTF,2022.02.21,peterchero,jamal13,1-0,1500,1500,D02,,Time forfeit
Casual bullet game,https://lichess.org/iWL6V9g9,2024.06.16,Matelisto,peterchero,1-0,1340,1400,A01,,Normal
Casual bullet game,https://lichess.org/DOzX3F5B,2022.02.21,peterchero,SmutsGambit,0-1,1342,1325,A46,,Normal
Casual rapid game,https://lichess.org/bsDfI7g0,2022.02.21,peterchero,Aliali77,1-0,1500,1500,A40,,Normal
Rated bullet game,https://lichess.org/XKV5KMsO,2022.02.21,peterchero,intothebluesky,1-0,1285,1288,B30,,Normal
Rated bullet game,https://lichess.org/SK73VGSt,2022.02.20,peterchero,Teeqoz,0-1,1305,1296,C47,,Time forfeit
Rated blitz game,https://lichess.org/AwgEK4Fv,2022.02.20,peterchero,TarekElhanafy,0-1,1156,1131,D02,,Time forfeit
Rated blitz game,https://lichess.org/Q1tMnkM9,2022.02.20,peterchero,YannickW1893,1-0,1092,1073,A07,,Time forfeit
Rated blitz game,https://lichess.org/C3WEnpGq,2022.02.20,peterchero,Timtuer57,0-1,1089,1200,D02,,Normal
Rated bullet game,https://lichess.org/gMa2n6ku,2022.01.26,peterchero,UMsamarth,0-1,1388,1461,A00,,Time forfeit
Rated bullet game,https://lichess.org/51DyUY70,2022.01.26,peterchero,Ananyajain,0-1,1500,1430,D02,,Time forfeit
Casual bullet game,https://lichess.org/64lrjtwj,2021.02.23,peterchero,linustechtips,1-0,1500,1500,B00,,Time forfeit
Casual blitz game,https://lichess.org/HzqHsFUo,2024.06.16,bobbycrusher,peterchero,0-1,1554,1415,A04,,Normal
Casual bullet game,https://lichess.org/YWsGlbk3,2021.02.23,peterchero,linustechtips,1-0,1500,1500,A00,,Normal
Casual bullet game,https://lichess.org/YMsARwVL,2021.02.23,peterchero,linustechtips,1-0,1500,1500,B23,,Normal
Casual bullet game,https://lichess.org/Ws5ZRF34,2021.02.23,peterchero,linustechtips,0-1,1500,1500,C44,,Time forfeit
Casual rapid game,https://lichess.org/wGsMdiFq,2024.06.16,Garigarin,peterchero,1-0,1594,1507,C20,,Normal
Casual blitz game,https://lichess.org/zI6LhQPm,2024.06.16,cronos100,peterchero,1-0,1514,1415,B00,,Normal
Rated blitz game,https://lichess.org/u5eM19Pe,2024.10.17,Az437,peterchero,0-1,1316,1422,D02,,Normal
Casual rapid game,https://lichess.org/bHJQBAaA,2024.06.14,cristianlazarus,peterchero,1-0,1500,1507,C50,,Normal
Rated rapid game,https://lichess.org/nPIV59u7,2024.06.09,New_Pole,peterchero,0-1,1449,1476,A45,,Normal
Rated rapid game,https://lichess.org/zULX2qIL,2024.06.08,Bermatt,peterchero,0-1,1447,1437,C65,,Normal
Rated rapid game,https://lichess.org/TQ0Lnqrq,2024.06.08,evdeoyna,peterchero,1-0,1509,1523,A06,,Normal
Casual blitz game,https://lichess.org/Z3rVoQXd,2024.04.23,hercule-poivrot,peterchero,0-1,1401,1415,C50,,Time forfeit
Casual blitz game,https://lichess.org/njT1UZmD,2024.03.21,karat2,peterchero,1-0,1912,1415,D06,,Normal
Casual rapid game,https://lichess.org/bcnWwUAp,2024.03.21,ehab-24,peterchero,0-1,1545,1484,D00,,Normal
Casual rapid game,https://lichess.org/4e6BLI8b,2024.03.21,Zest17,peterchero,1-0,1553,1484,D00,,Time forfeit
Casual blitz game,https://lichess.org/ZQmNnHdN,2024.03.21,chickengig,peterchero,1-0,1768,1415,C47,,Normal
Casual blitz game,https://lichess.org/i4DbSHXn,2024.03.18,AndreTempera,peterchero,1-0,1434,1415,C47,,Time forfeit
Rated blitz game,https://lichess.org/GAGfajr2,2024.10.15,AnPuig,peterchero,1-0,1442,1422,C42,,Normal
Casual rapid game,https://lichess.org/uiVUJ54J,2024.03.15,DeadSerious,peterchero,1-0,1500,1484,A00,,Normal
Casual classical game,https://lichess.org/AKJ76U0w,2024.03.13,Gramaziengrunt,peterchero,0-1,1500,1500,C43,,Normal
Casual classical game,https://lichess.org/z7HvlEUq,2024.03.12,PABLO-1,peterchero,0-1,1578,1500,C23,,Normal
Casual blitz game,https://lichess.org/bWTGhnvM,2024.03.12,jim_lahey69,peterchero,1-0,1500,1415,C20,,Time forfeit
Casual rapid game,https://lichess.org/Rx72bQ90,2024.03.11,joey131984,peterchero,1-0,1500,1484,D00,,Time forfeit
Casual blitz game,https://lichess.org/GwWUPzKj,2024.03.11,TooMuchIPA,peterchero,1-0,1645,1415,C44,,Normal
Casual rapid game,https://lichess.org/qlQpgFbp,2024.02.29,JulioFunk,peterchero,0-1,1406,1484,E61,,Time forfeit
Casual rapid game,https://lichess.org/Yvg7xgdG,2024.02.28,Lenimois,peterchero,1-0,1856,1484,D20,,Normal
Rated rapid game,https://lichess.org/zrjOzkSh,2024.02.28,germanchis1965,peterchero,1-0,1842,1504,D06,,Normal
Casual blitz game,https://lichess.org/m8ECQObK,2024.02.25,dinglirenfans,peterchero,0-1,1500,1415,C47,,Normal
